,timestamp,business,building,floor,data,room
0,2023-01-09 15:27:39.542,Digital Media Centre,DMC02,ground,{'ahu_out': 32.54},Coworking Space
1,2023-01-09 15:42:42.303,Digital Media Centre,DMC02,ground,{'ahu_out': 32.524},Coworking Space
2,2023-01-09 16:27:41.700,Digital Media Centre,DMC02,ground,{'ahu_out': 40.874},Coworking Space
3,2023-01-09 19:27:44.032,Digital Media Centre,DMC02,ground,{'ahu_out': 36.944},Coworking Space
4,2023-01-09 19:42:45.100,Digital Media Centre,DMC02,ground,{'ahu_out': 38.4},Coworking Space
5,2023-01-09 20:57:43.636,Digital Media Centre,DMC02,ground,{'ahu_out': 39.079},Coworking Space
6,2023-01-09 21:57:43.570,Digital Media Centre,DMC02,ground,{'ahu_out': 31.276},Coworking Space
7,2023-01-09 16:42:40.700,Digital Media Centre,DMC02,ground,{'ahu_out': 37.334},Coworking Space
8,2023-01-09 16:57:41.135,Digital Media Centre,DMC02,ground,{'ahu_out': 26.631},Coworking Space
9,2023-01-09 17:42:44.327,Digital Media Centre,DMC02,ground,{'ahu_out': 29.972},Coworking Space
10,2023-01-09 19:57:45.132,Digital Media Centre,DMC02,ground,{'ahu_out': 35.39},Coworking Space
11,2023-01-09 21:27:44.407,Digital Media Centre,DMC02,ground,{'ahu_out': 26.657},Coworking Space
12,2023-01-09 21:42:46.400,Digital Media Centre,DMC02,ground,{'ahu_out': 39.16},Coworking Space
13,2023-01-09 14:42:40.936,Digital Media Centre,DMC02,ground,{'ahu_out': 26.308},Coworking Space
14,2023-01-09 15:57:41.643,Digital Media Centre,DMC02,ground,{'ahu_out': 35.747},Coworking Space
15,2023-01-09 17:12:45.316,Digital Media Centre,DMC02,ground,{'ahu_out': 33.996},Coworking Space
16,2023-01-09 17:27:55.490,Digital Media Centre,DMC02,ground,{'ahu_out': 31.661},Coworking Space
17,2023-01-09 17:57:43.883,Digital Media Centre,DMC02,ground,{'ahu_out': 38.84},Coworking Space
18,2023-01-09 18:27:42.147,Digital Media Centre,DMC02,ground,{'ahu_out': 35.308},Coworking Space
19,2023-01-09 18:57:43.440,Digital Media Centre,DMC02,ground,{'ahu_out': 38.465},Coworking Space
20,2023-01-09 19:12:47.143,Digital Media Centre,DMC02,ground,{'ahu_out': 34.361},Coworking Space
21,2023-01-09 20:12:42.769,Digital Media Centre,DMC02,ground,{'ahu_out': 30.222},Coworking Space
22,2023-01-09 20:27:42.505,Digital Media Centre,DMC02,ground,{'ahu_out': 28.256},Coworking Space
23,2023-01-09 21:12:44.418,Digital Media Centre,DMC02,ground,{'ahu_out': 35.747},Coworking Space
24,2023-01-09 14:27:46.162,Digital Media Centre,DMC02,ground,{'ahu_out': 38.74},Coworking Space
25,2023-01-09 14:57:52.772,Digital Media Centre,DMC02,ground,{'ahu_out': 42.079},Coworking Space
26,2023-01-09 15:12:41.821,Digital Media Centre,DMC02,ground,{'ahu_out': 36.083},Coworking Space
27,2023-01-09 16:12:44.429,Digital Media Centre,DMC02,ground,{'ahu_out': 38.853},Coworking Space
28,2023-01-09 18:12:46.071,Digital Media Centre,DMC02,ground,{'ahu_out': 30.784},Coworking Space
29,2023-01-09 18:42:40.835,Digital Media Centre,DMC02,ground,{'ahu_out': 36.834},Coworking Space
30,2023-01-09 20:42:46.116,Digital Media Centre,DMC02,ground,{'ahu_out': 29.7},Coworking Space
31,2023-01-09 22:42:43.508,Digital Media Centre,DMC02,ground,{'ahu_out': 33.948},Coworking Space
32,2023-01-09 23:12:44.572,Digital Media Centre,DMC02,ground,{'ahu_out': 37.199},Coworking Space
33,2023-01-10 00:12:44.987,Digital Media Centre,DMC02,ground,{'ahu_out': 28.718},Coworking Space
34,2023-01-10 00:42:43.722,Digital Media Centre,DMC02,ground,{'ahu_out': 27.98},Coworking Space
35,2023-01-10 01:27:46.023,Digital Media Centre,DMC02,ground,{'ahu_out': 33.308},Coworking Space
36,2023-01-10 02:12:43.261,Digital Media Centre,DMC02,ground,{'ahu_out': 36.494},Coworking Space
37,2023-01-10 04:27:46.276,Digital Media Centre,DMC02,ground,{'ahu_out': 36.724},Coworking Space
38,2023-01-10 06:57:45.437,Digital Media Centre,DMC02,ground,{'ahu_out': 40.018},Coworking Space
39,2023-01-10 08:12:43.906,Digital Media Centre,DMC02,ground,{'ahu_out': 29.523},Coworking Space
40,2023-01-10 08:27:45.172,Digital Media Centre,DMC02,ground,{'ahu_out': 27.575},Coworking Space
41,2023-01-10 10:12:45.500,Digital Media Centre,DMC02,ground,{'ahu_out': 39.443},Coworking Space
42,2023-01-10 10:27:44.678,Digital Media Centre,DMC02,ground,{'ahu_out': 38.953},Coworking Space
43,2023-01-10 10:57:41.724,Digital Media Centre,DMC02,ground,{'ahu_out': 33.156},Coworking Space
44,2023-01-10 11:57:44.260,Digital Media Centre,DMC02,ground,{'ahu_out': 33.845},Coworking Space
45,2023-01-10 15:12:56.849,Digital Media Centre,DMC02,ground,{'ahu_out': 30.628},Coworking Space
46,2023-01-10 15:42:44.048,Digital Media Centre,DMC02,ground,{'ahu_out': 36.458},Coworking Space
47,2023-01-10 19:27:48.850,Digital Media Centre,DMC02,ground,{'ahu_out': 29.777},Coworking Space
48,2023-01-10 19:42:49.540,Digital Media Centre,DMC02,ground,{'ahu_out': 39.339},Coworking Space
49,2023-01-10 20:12:48.870,Digital Media Centre,DMC02,ground,{'ahu_out': 39.26},Coworking Space
50,2023-01-10 20:57:49.545,Digital Media Centre,DMC02,ground,{'ahu_out': 36.708},Coworking Space
51,2023-01-10 21:12:51.227,Digital Media Centre,DMC02,ground,{'ahu_out': 26.628},Coworking Space
52,2023-01-10 21:27:50.566,Digital Media Centre,DMC02,ground,{'ahu_out': 41.22},Coworking Space
53,2023-01-10 23:27:50.659,Digital Media Centre,DMC02,ground,{'ahu_out': 28.332},Coworking Space
54,2023-01-10 23:57:51.804,Digital Media Centre,DMC02,ground,{'ahu_out': 30.163},Coworking Space
55,2023-01-11 01:12:48.890,Digital Media Centre,DMC02,ground,{'ahu_out': 27.849},Coworking Space
56,2023-01-11 01:42:48.844,Digital Media Centre,DMC02,ground,{'ahu_out': 32.942},Coworking Space
57,2023-01-11 02:57:48.221,Digital Media Centre,DMC02,ground,{'ahu_out': 29.213},Coworking Space
58,2023-01-11 03:12:49.790,Digital Media Centre,DMC02,ground,{'ahu_out': 32.893},Coworking Space
59,2023-01-11 05:12:50.213,Digital Media Centre,DMC02,ground,{'ahu_out': 34.081},Coworking Space
60,2023-01-11 05:27:49.811,Digital Media Centre,DMC02,ground,{'ahu_out': 31.103},Coworking Space
61,2023-01-11 05:42:51.236,Digital Media Centre,DMC02,ground,{'ahu_out': 30.091},Coworking Space
62,2023-01-11 06:42:48.831,Digital Media Centre,DMC02,ground,{'ahu_out': 35.993},Coworking Space
63,2023-01-11 08:12:50.368,Digital Media Centre,DMC02,ground,{'ahu_out': 33.651},Coworking Space
64,2023-01-11 08:42:52.375,Digital Media Centre,DMC02,ground,{'ahu_out': 40.3},Coworking Space
65,2023-01-11 09:57:50.557,Digital Media Centre,DMC02,ground,{'ahu_out': 38.224},Coworking Space
66,2023-01-11 11:57:52.428,Digital Media Centre,DMC02,ground,{'ahu_out': 37.088},Coworking Space
67,2023-01-11 13:12:49.054,Digital Media Centre,DMC02,ground,{'ahu_out': 27.082},Coworking Space
68,2023-01-11 14:12:51.854,Digital Media Centre,DMC02,ground,{'ahu_out': 32.495},Coworking Space
69,2023-01-11 16:12:50.438,Digital Media Centre,DMC02,ground,{'ahu_out': 32.597},Coworking Space
70,2023-01-11 16:42:51.057,Digital Media Centre,DMC02,ground,{'ahu_out': 41.83},Coworking Space
71,2023-01-11 18:27:53.199,Digital Media Centre,DMC02,ground,{'ahu_out': 31.247},Coworking Space
72,2023-01-11 19:27:55.415,Digital Media Centre,DMC02,ground,{'ahu_out': 36.433},Coworking Space
73,2023-01-11 20:27:56.595,Digital Media Centre,DMC02,ground,{'ahu_out': 36.954},Coworking Space
74,2023-01-11 21:12:52.661,Digital Media Centre,DMC02,ground,{'ahu_out': 42.698},Coworking Space
75,2023-01-11 21:42:56.609,Digital Media Centre,DMC02,ground,{'ahu_out': 41.703},Coworking Space
76,2023-01-11 22:12:55.190,Digital Media Centre,DMC02,ground,{'ahu_out': 30.303},Coworking Space
77,2023-01-12 03:42:51.677,Digital Media Centre,DMC02,ground,{'ahu_out': 35.802},Coworking Space
78,2023-01-12 04:12:54.566,Digital Media Centre,DMC02,ground,{'ahu_out': 34.04},Coworking Space
79,2023-01-12 04:57:55.433,Digital Media Centre,DMC02,ground,{'ahu_out': 27.871},Coworking Space
80,2023-01-12 05:42:53.888,Digital Media Centre,DMC02,ground,{'ahu_out': 30.138},Coworking Space
81,2023-01-12 06:42:52.385,Digital Media Centre,DMC02,ground,{'ahu_out': 32.389},Coworking Space
82,2023-01-12 07:12:51.751,Digital Media Centre,DMC02,ground,{'ahu_out': 38.334},Coworking Space
83,2023-01-12 07:27:52.477,Digital Media Centre,DMC02,ground,{'ahu_out': 27.1},Coworking Space
84,2023-01-12 08:27:53.874,Digital Media Centre,DMC02,ground,{'ahu_out': 30.442},Coworking Space
85,2023-01-12 08:42:57.662,Digital Media Centre,DMC02,ground,{'ahu_out': 29.194},Coworking Space
86,2023-01-12 09:42:55.014,Digital Media Centre,DMC02,ground,{'ahu_out': 27.502},Coworking Space
87,2023-01-12 10:42:56.657,Digital Media Centre,DMC02,ground,{'ahu_out': 29.694},Coworking Space
88,2023-01-12 12:12:56.936,Digital Media Centre,DMC02,ground,{'ahu_out': 29.686},Coworking Space
89,2023-01-12 12:42:56.178,Digital Media Centre,DMC02,ground,{'ahu_out': 36.208},Coworking Space
90,2023-01-12 13:27:57.165,Digital Media Centre,DMC02,ground,{'ahu_out': 40.039},Coworking Space
91,2023-01-12 14:42:56.586,Digital Media Centre,DMC02,ground,{'ahu_out': 37.35},Coworking Space
92,2023-01-12 15:12:57.664,Digital Media Centre,DMC02,ground,{'ahu_out': 37.321},Coworking Space
93,2023-01-12 15:27:58.033,Digital Media Centre,DMC02,ground,{'ahu_out': 35.618},Coworking Space
94,2023-01-12 16:27:59.328,Digital Media Centre,DMC02,ground,{'ahu_out': 35.638},Coworking Space
95,2023-01-12 16:57:54.911,Digital Media Centre,DMC02,ground,{'ahu_out': 31.337},Coworking Space
96,2023-01-09 22:27:43.290,Digital Media Centre,DMC02,ground,{'ahu_out': 37.289},Coworking Space
97,2023-01-09 23:42:41.685,Digital Media Centre,DMC02,ground,{'ahu_out': 41.293},Coworking Space
98,2023-01-10 01:12:46.007,Digital Media Centre,DMC02,ground,{'ahu_out': 34.241},Coworking Space
99,2023-01-10 03:12:44.551,Digital Media Centre,DMC02,ground,{'ahu_out': 40.916},Coworking Space
100,2023-01-10 03:57:44.328,Digital Media Centre,DMC02,ground,{'ahu_out': 29.764},Coworking Space
101,2023-01-10 04:12:43.535,Digital Media Centre,DMC02,ground,{'ahu_out': 32.413},Coworking Space
102,2023-01-10 05:12:44.749,Digital Media Centre,DMC02,ground,{'ahu_out': 35.381},Coworking Space
103,2023-01-10 06:27:44.326,Digital Media Centre,DMC02,ground,{'ahu_out': 35.349},Coworking Space
104,2023-01-10 07:27:45.532,Digital Media Centre,DMC02,ground,{'ahu_out': 34.318},Coworking Space
105,2023-01-10 07:42:44.200,Digital Media Centre,DMC02,ground,{'ahu_out': 38.075},Coworking Space
106,2023-01-10 08:57:44.797,Digital Media Centre,DMC02,ground,{'ahu_out': 40.323},Coworking Space
107,2023-01-10 09:12:41.218,Digital Media Centre,DMC02,ground,{'ahu_out': 36.992},Coworking Space
108,2023-01-10 11:12:46.068,Digital Media Centre,DMC02,ground,{'ahu_out': 42.694},Coworking Space
109,2023-01-10 11:27:42.865,Digital Media Centre,DMC02,ground,{'ahu_out': 36.477},Coworking Space
110,2023-01-10 12:12:46.862,Digital Media Centre,DMC02,ground,{'ahu_out': 37.309},Coworking Space
111,2023-01-10 12:57:45.305,Digital Media Centre,DMC02,ground,{'ahu_out': 33.805},Coworking Space
112,2023-01-10 13:12:44.950,Digital Media Centre,DMC02,ground,{'ahu_out': 37.349},Coworking Space
113,2023-01-10 13:27:46.160,Digital Media Centre,DMC02,ground,{'ahu_out': 27.119},Coworking Space
114,2023-01-10 13:42:46.060,Digital Media Centre,DMC02,ground,{'ahu_out': 32.019},Coworking Space
115,2023-01-10 17:27:57.497,Digital Media Centre,DMC02,ground,{'ahu_out': 39.767},Coworking Space
116,2023-01-10 18:27:50.857,Digital Media Centre,DMC02,ground,{'ahu_out': 35.759},Coworking Space
117,2023-01-10 19:57:48.627,Digital Media Centre,DMC02,ground,{'ahu_out': 36.259},Coworking Space
118,2023-01-10 20:42:49.172,Digital Media Centre,DMC02,ground,{'ahu_out': 27.012},Coworking Space
119,2023-01-10 21:57:50.255,Digital Media Centre,DMC02,ground,{'ahu_out': 36.563},Coworking Space
120,2023-01-10 23:12:50.019,Digital Media Centre,DMC02,ground,{'ahu_out': 31.566},Coworking Space
121,2023-01-11 00:27:52.438,Digital Media Centre,DMC02,ground,{'ahu_out': 28.484},Coworking Space
122,2023-01-11 01:27:47.412,Digital Media Centre,DMC02,ground,{'ahu_out': 31.949},Coworking Space
123,2023-01-11 01:57:52.126,Digital Media Centre,DMC02,ground,{'ahu_out': 29.784},Coworking Space
124,2023-01-11 02:12:50.586,Digital Media Centre,DMC02,ground,{'ahu_out': 39.597},Coworking Space
125,2023-01-11 02:27:51.339,Digital Media Centre,DMC02,ground,{'ahu_out': 35.423},Coworking Space
126,2023-01-11 03:27:49.862,Digital Media Centre,DMC02,ground,{'ahu_out': 31.391},Coworking Space
127,2023-01-11 04:12:51.135,Digital Media Centre,DMC02,ground,{'ahu_out': 37.149},Coworking Space
128,2023-01-11 04:27:48.779,Digital Media Centre,DMC02,ground,{'ahu_out': 38.985},Coworking Space
129,2023-01-11 05:57:51.448,Digital Media Centre,DMC02,ground,{'ahu_out': 28.44},Coworking Space
130,2023-01-11 06:12:50.135,Digital Media Centre,DMC02,ground,{'ahu_out': 43.136},Coworking Space
131,2023-01-11 06:27:49.119,Digital Media Centre,DMC02,ground,{'ahu_out': 27.674},Coworking Space
132,2023-01-11 06:57:51.021,Digital Media Centre,DMC02,ground,{'ahu_out': 29.404},Coworking Space
133,2023-01-11 07:42:49.858,Digital Media Centre,DMC02,ground,{'ahu_out': 30.524},Coworking Space
134,2023-01-11 07:57:52.890,Digital Media Centre,DMC02,ground,{'ahu_out': 26.674},Coworking Space
135,2023-01-11 09:12:52.201,Digital Media Centre,DMC02,ground,{'ahu_out': 29.803},Coworking Space
136,2023-01-11 10:42:51.554,Digital Media Centre,DMC02,ground,{'ahu_out': 33.114},Coworking Space
137,2023-01-11 11:12:51.068,Digital Media Centre,DMC02,ground,{'ahu_out': 26.124},Coworking Space
138,2023-01-11 12:12:51.991,Digital Media Centre,DMC02,ground,{'ahu_out': 40.422},Coworking Space
139,2023-01-11 12:57:51.155,Digital Media Centre,DMC02,ground,{'ahu_out': 34.673},Coworking Space
140,2023-01-11 13:42:52.139,Digital Media Centre,DMC02,ground,{'ahu_out': 33.074},Coworking Space
141,2023-01-11 15:57:51.956,Digital Media Centre,DMC02,ground,{'ahu_out': 34.869},Coworking Space
142,2023-01-11 16:57:51.683,Digital Media Centre,DMC02,ground,{'ahu_out': 28.41},Coworking Space
143,2023-01-11 17:29:28.172,Digital Media Centre,DMC02,ground,{'ahu_out': 39.21},Coworking Space
144,2023-01-11 17:42:57.267,Digital Media Centre,DMC02,ground,{'ahu_out': 39.465},Coworking Space
145,2023-01-11 19:57:56.240,Digital Media Centre,DMC02,ground,{'ahu_out': 31.315},Coworking Space
146,2023-01-11 22:42:53.152,Digital Media Centre,DMC02,ground,{'ahu_out': 35.928},Coworking Space
147,2023-01-11 22:57:54.326,Digital Media Centre,DMC02,ground,{'ahu_out': 34.576},Coworking Space
148,2023-01-11 23:12:56.304,Digital Media Centre,DMC02,ground,{'ahu_out': 25.516},Coworking Space
149,2023-01-12 00:12:54.817,Digital Media Centre,DMC02,ground,{'ahu_out': 39.161},Coworking Space
150,2023-01-12 01:27:55.373,Digital Media Centre,DMC02,ground,{'ahu_out': 34.145},Coworking Space
151,2023-01-12 01:42:53.541,Digital Media Centre,DMC02,ground,{'ahu_out': 26.202},Coworking Space
152,2023-01-12 02:57:55.409,Digital Media Centre,DMC02,ground,{'ahu_out': 43.958},Coworking Space
153,2023-01-12 03:12:57.902,Digital Media Centre,DMC02,ground,{'ahu_out': 39.39},Coworking Space
154,2023-01-12 04:42:53.896,Digital Media Centre,DMC02,ground,{'ahu_out': 32.209},Coworking Space
155,2023-01-12 05:57:55.618,Digital Media Centre,DMC02,ground,{'ahu_out': 37.03},Coworking Space
156,2023-01-12 06:57:55.508,Digital Media Centre,DMC02,ground,{'ahu_out': 34.388},Coworking Space
157,2023-01-12 08:57:53.659,Digital Media Centre,DMC02,ground,{'ahu_out': 38.791},Coworking Space
158,2023-01-12 09:12:58.384,Digital Media Centre,DMC02,ground,{'ahu_out': 33.205},Coworking Space
159,2023-01-12 09:27:56.033,Digital Media Centre,DMC02,ground,{'ahu_out': 35.046},Coworking Space
160,2023-01-12 09:57:55.618,Digital Media Centre,DMC02,ground,{'ahu_out': 35.008},Coworking Space
161,2023-01-12 19:12:58.845,Digital Media Centre,DMC02,ground,{'ahu_out': 26.192},Coworking Space
162,2023-01-12 20:57:57.876,Digital Media Centre,DMC02,ground,{'ahu_out': 40.681},Coworking Space
163,2023-01-12 21:12:59.565,Digital Media Centre,DMC02,ground,{'ahu_out': 37.633},Coworking Space
164,2023-01-13 02:42:58.814,Digital Media Centre,DMC02,ground,{'ahu_out': 29.69},Coworking Space
165,2023-01-13 03:42:59.244,Digital Media Centre,DMC02,ground,{'ahu_out': 26.479},Coworking Space
166,2023-01-13 06:57:58.572,Digital Media Centre,DMC02,ground,{'ahu_out': 26.643},Coworking Space
167,2023-01-13 08:27:58.807,Digital Media Centre,DMC02,ground,{'ahu_out': 31.271},Coworking Space
168,2023-01-13 08:57:58.873,Digital Media Centre,DMC02,ground,{'ahu_out': 29.333},Coworking Space
169,2023-01-13 11:42:58.815,Digital Media Centre,DMC02,ground,{'ahu_out': 31.66},Coworking Space
170,2023-01-13 13:43:00.593,Digital Media Centre,DMC02,ground,{'ahu_out': 28.021},Coworking Space
171,2023-01-13 14:28:01.128,Digital Media Centre,DMC02,ground,{'ahu_out': 36.808},Coworking Space
172,2023-01-13 15:27:59.397,Digital Media Centre,DMC02,ground,{'ahu_out': 40.461},Coworking Space
173,2023-01-13 15:57:58.883,Digital Media Centre,DMC02,ground,{'ahu_out': 27.82},Coworking Space
174,2023-01-13 16:42:56.949,Digital Media Centre,DMC02,ground,{'ahu_out': 25.469},Coworking Space
175,2023-01-20 10:09:18.034,Digital Media Centre,DMC02,ground,{'ahu_out': 35.898},Coworking Space
176,2023-01-09 23:57:43.263,Digital Media Centre,DMC02,ground,{'ahu_out': 27.453},Coworking Space
177,2023-01-10 00:27:45.547,Digital Media Centre,DMC02,ground,{'ahu_out': 28.454},Coworking Space
178,2023-01-10 01:42:44.003,Digital Media Centre,DMC02,ground,{'ahu_out': 40.163},Coworking Space
179,2023-01-10 01:57:45.884,Digital Media Centre,DMC02,ground,{'ahu_out': 35.453},Coworking Space
180,2023-01-10 02:27:44.803,Digital Media Centre,DMC02,ground,{'ahu_out': 40.644},Coworking Space
181,2023-01-10 02:42:46.538,Digital Media Centre,DMC02,ground,{'ahu_out': 32.664},Coworking Space
182,2023-01-10 03:27:45.191,Digital Media Centre,DMC02,ground,{'ahu_out': 38.227},Coworking Space
183,2023-01-10 04:57:42.135,Digital Media Centre,DMC02,ground,{'ahu_out': 41.305},Coworking Space
184,2023-01-10 06:12:42.298,Digital Media Centre,DMC02,ground,{'ahu_out': 38.608},Coworking Space
185,2023-01-10 06:42:44.982,Digital Media Centre,DMC02,ground,{'ahu_out': 36.372},Coworking Space
186,2023-01-10 08:42:43.999,Digital Media Centre,DMC02,ground,{'ahu_out': 31.633},Coworking Space
187,2023-01-10 09:57:45.470,Digital Media Centre,DMC02,ground,{'ahu_out': 33.898},Coworking Space
188,2023-01-10 10:42:45.148,Digital Media Centre,DMC02,ground,{'ahu_out': 35.518},Coworking Space
189,2023-01-10 11:42:44.437,Digital Media Centre,DMC02,ground,{'ahu_out': 34.871},Coworking Space
190,2023-01-10 14:12:43.286,Digital Media Centre,DMC02,ground,{'ahu_out': 32.763},Coworking Space
191,2023-01-10 14:27:43.635,Digital Media Centre,DMC02,ground,{'ahu_out': 40.074},Coworking Space
192,2023-01-10 14:42:46.291,Digital Media Centre,DMC02,ground,{'ahu_out': 30.217},Coworking Space
193,2023-01-10 15:27:48.652,Digital Media Centre,DMC02,ground,{'ahu_out': 41.163},Coworking Space
194,2023-01-10 16:27:46.998,Digital Media Centre,DMC02,ground,{'ahu_out': 30.396},Coworking Space
195,2023-01-10 16:42:47.135,Digital Media Centre,DMC02,ground,{'ahu_out': 27.298},Coworking Space
196,2023-01-10 17:57:48.223,Digital Media Centre,DMC02,ground,{'ahu_out': 39.801},Coworking Space
197,2023-01-10 18:42:53.849,Digital Media Centre,DMC02,ground,{'ahu_out': 37.148},Coworking Space
198,2023-01-10 18:57:51.228,Digital Media Centre,DMC02,ground,{'ahu_out': 38.927},Coworking Space
199,2023-01-10 19:12:49.867,Digital Media Centre,DMC02,ground,{'ahu_out': 39.202},Coworking Space
200,2023-01-10 20:27:50.537,Digital Media Centre,DMC02,ground,{'ahu_out': 28.692},Coworking Space
201,2023-01-10 21:42:49.721,Digital Media Centre,DMC02,ground,{'ahu_out': 36.97},Coworking Space
202,2023-01-11 00:42:50.766,Digital Media Centre,DMC02,ground,{'ahu_out': 36.836},Coworking Space
203,2023-01-11 02:42:50.391,Digital Media Centre,DMC02,ground,{'ahu_out': 39.429},Coworking Space
204,2023-01-11 04:57:50.150,Digital Media Centre,DMC02,ground,{'ahu_out': 39.228},Coworking Space
205,2023-01-11 07:12:51.148,Digital Media Centre,DMC02,ground,{'ahu_out': 32.335},Coworking Space
206,2023-01-11 08:57:52.358,Digital Media Centre,DMC02,ground,{'ahu_out': 38.619},Coworking Space
207,2023-01-11 10:12:54.827,Digital Media Centre,DMC02,ground,{'ahu_out': 37.988},Coworking Space
208,2023-01-11 11:27:53.090,Digital Media Centre,DMC02,ground,{'ahu_out': 30.604},Coworking Space
209,2023-01-11 12:42:51.439,Digital Media Centre,DMC02,ground,{'ahu_out': 34.968},Coworking Space
210,2023-01-11 13:27:51.507,Digital Media Centre,DMC02,ground,{'ahu_out': 33.41},Coworking Space
211,2023-01-11 14:57:52.905,Digital Media Centre,DMC02,ground,{'ahu_out': 28.339},Coworking Space
212,2023-01-11 15:13:00.732,Digital Media Centre,DMC02,ground,{'ahu_out': 37.047},Coworking Space
213,2023-01-11 15:27:50.451,Digital Media Centre,DMC02,ground,{'ahu_out': 34.82},Coworking Space
214,2023-01-11 17:12:54.820,Digital Media Centre,DMC02,ground,{'ahu_out': 33.175},Coworking Space
215,2023-01-11 17:57:55.641,Digital Media Centre,DMC02,ground,{'ahu_out': 38.95},Coworking Space
216,2023-01-11 20:12:54.156,Digital Media Centre,DMC02,ground,{'ahu_out': 33.658},Coworking Space
217,2023-01-11 20:57:54.256,Digital Media Centre,DMC02,ground,{'ahu_out': 30.913},Coworking Space
218,2023-01-11 21:27:53.625,Digital Media Centre,DMC02,ground,{'ahu_out': 29.899},Coworking Space
219,2023-01-11 21:57:54.566,Digital Media Centre,DMC02,ground,{'ahu_out': 30.975},Coworking Space
220,2023-01-11 22:27:52.403,Digital Media Centre,DMC02,ground,{'ahu_out': 39.34},Coworking Space
221,2023-01-11 23:27:53.816,Digital Media Centre,DMC02,ground,{'ahu_out': 28.518},Coworking Space
222,2023-01-12 00:42:53.412,Digital Media Centre,DMC02,ground,{'ahu_out': 33.791},Coworking Space
223,2023-01-12 01:12:55.897,Digital Media Centre,DMC02,ground,{'ahu_out': 35.822},Coworking Space
224,2023-01-12 02:12:54.140,Digital Media Centre,DMC02,ground,{'ahu_out': 26.723},Coworking Space
225,2023-01-12 02:27:54.255,Digital Media Centre,DMC02,ground,{'ahu_out': 29.832},Coworking Space
226,2023-01-12 02:42:55.632,Digital Media Centre,DMC02,ground,{'ahu_out': 37.936},Coworking Space
227,2023-01-12 03:27:53.900,Digital Media Centre,DMC02,ground,{'ahu_out': 36.341},Coworking Space
228,2023-01-12 03:57:53.291,Digital Media Centre,DMC02,ground,{'ahu_out': 42.721},Coworking Space
229,2023-01-12 05:27:53.529,Digital Media Centre,DMC02,ground,{'ahu_out': 30.827},Coworking Space
230,2023-01-12 06:27:53.405,Digital Media Centre,DMC02,ground,{'ahu_out': 41.55},Coworking Space
231,2023-01-12 07:42:51.982,Digital Media Centre,DMC02,ground,{'ahu_out': 30.178},Coworking Space
232,2023-01-12 07:57:52.248,Digital Media Centre,DMC02,ground,{'ahu_out': 33.94},Coworking Space
233,2023-01-12 10:57:57.545,Digital Media Centre,DMC02,ground,{'ahu_out': 26.734},Coworking Space
234,2023-01-12 11:57:57.405,Digital Media Centre,DMC02,ground,{'ahu_out': 30.769},Coworking Space
235,2023-01-12 13:42:57.631,Digital Media Centre,DMC02,ground,{'ahu_out': 30.143},Coworking Space
236,2023-01-12 13:57:53.717,Digital Media Centre,DMC02,ground,{'ahu_out': 26.788},Coworking Space
237,2023-01-12 15:57:58.949,Digital Media Centre,DMC02,ground,{'ahu_out': 31.5},Coworking Space
238,2023-01-12 16:42:57.681,Digital Media Centre,DMC02,ground,{'ahu_out': 34.912},Coworking Space
239,2023-01-12 18:13:00.428,Digital Media Centre,DMC02,ground,{'ahu_out': 28.857},Coworking Space
240,2023-01-12 19:27:57.712,Digital Media Centre,DMC02,ground,{'ahu_out': 33.949},Coworking Space
241,2023-01-12 10:12:59.683,Digital Media Centre,DMC02,ground,{'ahu_out': 28.753},Coworking Space
242,2023-01-12 10:27:56.711,Digital Media Centre,DMC02,ground,{'ahu_out': 40.339},Coworking Space
243,2023-01-12 11:12:54.063,Digital Media Centre,DMC02,ground,{'ahu_out': 40.077},Coworking Space
244,2023-01-12 11:27:56.533,Digital Media Centre,DMC02,ground,{'ahu_out': 26.457},Coworking Space
245,2023-01-12 11:42:58.433,Digital Media Centre,DMC02,ground,{'ahu_out': 37.272},Coworking Space
246,2023-01-12 12:57:57.326,Digital Media Centre,DMC02,ground,{'ahu_out': 38.019},Coworking Space
247,2023-01-12 14:12:56.269,Digital Media Centre,DMC02,ground,{'ahu_out': 39.038},Coworking Space
248,2023-01-12 14:57:57.316,Digital Media Centre,DMC02,ground,{'ahu_out': 26.574},Coworking Space
249,2023-01-12 16:13:05.583,Digital Media Centre,DMC02,ground,{'ahu_out': 29.202},Coworking Space
250,2023-01-12 17:28:08.932,Digital Media Centre,DMC02,ground,{'ahu_out': 33.952},Coworking Space
251,2023-01-12 17:42:58.314,Digital Media Centre,DMC02,ground,{'ahu_out': 34.276},Coworking Space
252,2023-01-12 18:28:00.415,Digital Media Centre,DMC02,ground,{'ahu_out': 38.226},Coworking Space
253,2023-01-12 18:42:59.353,Digital Media Centre,DMC02,ground,{'ahu_out': 34.644},Coworking Space
254,2023-01-12 18:57:59.215,Digital Media Centre,DMC02,ground,{'ahu_out': 41.807},Coworking Space
255,2023-01-12 19:42:59.332,Digital Media Centre,DMC02,ground,{'ahu_out': 26.203},Coworking Space
256,2023-01-12 19:58:00.000,Digital Media Centre,DMC02,ground,{'ahu_out': 39.557},Coworking Space
257,2023-01-12 20:12:58.586,Digital Media Centre,DMC02,ground,{'ahu_out': 29.543},Coworking Space
258,2023-01-12 20:43:00.471,Digital Media Centre,DMC02,ground,{'ahu_out': 40.844},Coworking Space
259,2023-01-12 21:27:59.732,Digital Media Centre,DMC02,ground,{'ahu_out': 41.386},Coworking Space
260,2023-01-12 22:27:59.739,Digital Media Centre,DMC02,ground,{'ahu_out': 28.48},Coworking Space
261,2023-01-12 23:12:59.782,Digital Media Centre,DMC02,ground,{'ahu_out': 36.208},Coworking Space
262,2023-01-12 23:27:59.609,Digital Media Centre,DMC02,ground,{'ahu_out': 33.699},Coworking Space
263,2023-01-12 23:43:00.524,Digital Media Centre,DMC02,ground,{'ahu_out': 34.353},Coworking Space
264,2023-01-12 23:57:58.619,Digital Media Centre,DMC02,ground,{'ahu_out': 24.879},Coworking Space
265,2023-01-13 00:58:01.087,Digital Media Centre,DMC02,ground,{'ahu_out': 39.669},Coworking Space
266,2023-01-13 01:27:59.536,Digital Media Centre,DMC02,ground,{'ahu_out': 32.768},Coworking Space
267,2023-01-13 01:42:57.372,Digital Media Centre,DMC02,ground,{'ahu_out': 28.521},Coworking Space
268,2023-01-13 02:27:58.938,Digital Media Centre,DMC02,ground,{'ahu_out': 34.506},Coworking Space
269,2023-01-13 03:12:58.270,Digital Media Centre,DMC02,ground,{'ahu_out': 35.011},Coworking Space
270,2023-01-13 04:12:57.614,Digital Media Centre,DMC02,ground,{'ahu_out': 26.284},Coworking Space
271,2023-01-13 04:42:57.719,Digital Media Centre,DMC02,ground,{'ahu_out': 40.081},Coworking Space
272,2023-01-13 05:42:58.017,Digital Media Centre,DMC02,ground,{'ahu_out': 30.019},Coworking Space
273,2023-01-13 06:42:57.939,Digital Media Centre,DMC02,ground,{'ahu_out': 34.806},Coworking Space
274,2023-01-13 07:27:59.209,Digital Media Centre,DMC02,ground,{'ahu_out': 25.08},Coworking Space
275,2023-01-13 08:43:00.320,Digital Media Centre,DMC02,ground,{'ahu_out': 27.578},Coworking Space
276,2023-01-13 09:42:58.042,Digital Media Centre,DMC02,ground,{'ahu_out': 34.562},Coworking Space
277,2023-01-13 10:42:59.090,Digital Media Centre,DMC02,ground,{'ahu_out': 28.639},Coworking Space
278,2023-01-13 11:12:57.994,Digital Media Centre,DMC02,ground,{'ahu_out': 36.722},Coworking Space
279,2023-01-13 11:27:59.394,Digital Media Centre,DMC02,ground,{'ahu_out': 30.244},Coworking Space
280,2023-01-13 12:27:58.528,Digital Media Centre,DMC02,ground,{'ahu_out': 30.564},Coworking Space
281,2023-01-13 12:42:59.289,Digital Media Centre,DMC02,ground,{'ahu_out': 37.932},Coworking Space
282,2023-01-13 12:57:59.148,Digital Media Centre,DMC02,ground,{'ahu_out': 26.458},Coworking Space
283,2023-01-13 13:28:00.000,Digital Media Centre,DMC02,ground,{'ahu_out': 34.263},Coworking Space
284,2023-01-13 14:12:58.236,Digital Media Centre,DMC02,ground,{'ahu_out': 42.296},Coworking Space
285,2023-01-13 15:42:59.735,Digital Media Centre,DMC02,ground,{'ahu_out': 41.529},Coworking Space
286,2023-01-13 17:13:02.666,Digital Media Centre,DMC02,ground,{'ahu_out': 35.457},Coworking Space
287,2023-01-13 17:43:01.274,Digital Media Centre,DMC02,ground,{'ahu_out': 35.283},Coworking Space
288,2023-01-09 22:12:42.326,Digital Media Centre,DMC02,ground,{'ahu_out': 35.376},Coworking Space
289,2023-01-12 22:12:59.162,Digital Media Centre,DMC02,ground,{'ahu_out': 31.262},Coworking Space
290,2023-01-12 22:43:01.317,Digital Media Centre,DMC02,ground,{'ahu_out': 41.676},Coworking Space
291,2023-01-12 22:57:57.667,Digital Media Centre,DMC02,ground,{'ahu_out': 35.58},Coworking Space
292,2023-01-13 01:12:59.082,Digital Media Centre,DMC02,ground,{'ahu_out': 38.305},Coworking Space
293,2023-01-13 01:57:59.829,Digital Media Centre,DMC02,ground,{'ahu_out': 30.718},Coworking Space
294,2023-01-13 03:27:58.539,Digital Media Centre,DMC02,ground,{'ahu_out': 30.723},Coworking Space
295,2023-01-13 03:57:57.935,Digital Media Centre,DMC02,ground,{'ahu_out': 29.557},Coworking Space
296,2023-01-13 04:57:58.419,Digital Media Centre,DMC02,ground,{'ahu_out': 34.481},Coworking Space
297,2023-01-13 05:12:59.461,Digital Media Centre,DMC02,ground,{'ahu_out': 36.351},Coworking Space
298,2023-01-13 06:27:58.192,Digital Media Centre,DMC02,ground,{'ahu_out': 33.604},Coworking Space
299,2023-01-13 07:12:57.712,Digital Media Centre,DMC02,ground,{'ahu_out': 41.485},Coworking Space
300,2023-01-13 09:27:59.157,Digital Media Centre,DMC02,ground,{'ahu_out': 39.348},Coworking Space
301,2023-01-13 10:27:57.419,Digital Media Centre,DMC02,ground,{'ahu_out': 29.25},Coworking Space
302,2023-01-13 10:57:59.187,Digital Media Centre,DMC02,ground,{'ahu_out': 36.807},Coworking Space
303,2023-01-13 12:12:59.038,Digital Media Centre,DMC02,ground,{'ahu_out': 27.131},Coworking Space
304,2023-01-13 14:57:57.319,Digital Media Centre,DMC02,ground,{'ahu_out': 42.669},Coworking Space
305,2023-01-13 15:13:08.066,Digital Media Centre,DMC02,ground,{'ahu_out': 37.539},Coworking Space
306,2023-01-13 16:12:58.264,Digital Media Centre,DMC02,ground,{'ahu_out': 39.855},Coworking Space
307,2023-01-13 16:57:58.747,Digital Media Centre,DMC02,ground,{'ahu_out': 38.614},Coworking Space
308,2023-01-13 17:28:09.027,Digital Media Centre,DMC02,ground,{'ahu_out': 33.998},Coworking Space
309,2023-01-09 22:57:46.438,Digital Media Centre,DMC02,ground,{'ahu_out': 28.301},Coworking Space
310,2023-01-09 23:27:42.760,Digital Media Centre,DMC02,ground,{'ahu_out': 31.88},Coworking Space
311,2023-01-10 00:57:44.734,Digital Media Centre,DMC02,ground,{'ahu_out': 31.524},Coworking Space
312,2023-01-10 02:57:44.832,Digital Media Centre,DMC02,ground,{'ahu_out': 35.465},Coworking Space
313,2023-01-10 03:42:44.624,Digital Media Centre,DMC02,ground,{'ahu_out': 36.447},Coworking Space
314,2023-01-10 04:42:44.314,Digital Media Centre,DMC02,ground,{'ahu_out': 30.054},Coworking Space
315,2023-01-10 05:27:43.624,Digital Media Centre,DMC02,ground,{'ahu_out': 26.227},Coworking Space
316,2023-01-10 05:42:45.923,Digital Media Centre,DMC02,ground,{'ahu_out': 28.233},Coworking Space
317,2023-01-10 05:57:44.704,Digital Media Centre,DMC02,ground,{'ahu_out': 40.38},Coworking Space
318,2023-01-10 07:12:43.346,Digital Media Centre,DMC02,ground,{'ahu_out': 30.248},Coworking Space
319,2023-01-10 07:57:42.508,Digital Media Centre,DMC02,ground,{'ahu_out': 33.272},Coworking Space
320,2023-01-10 09:27:44.559,Digital Media Centre,DMC02,ground,{'ahu_out': 27.388},Coworking Space
321,2023-01-10 09:42:44.819,Digital Media Centre,DMC02,ground,{'ahu_out': 41.996},Coworking Space
322,2023-01-10 12:27:44.411,Digital Media Centre,DMC02,ground,{'ahu_out': 30.536},Coworking Space
323,2023-01-10 12:42:44.231,Digital Media Centre,DMC02,ground,{'ahu_out': 35.03},Coworking Space
324,2023-01-10 13:57:46.066,Digital Media Centre,DMC02,ground,{'ahu_out': 37.749},Coworking Space
325,2023-01-10 14:57:44.468,Digital Media Centre,DMC02,ground,{'ahu_out': 35.134},Coworking Space
326,2023-01-10 15:57:47.171,Digital Media Centre,DMC02,ground,{'ahu_out': 32.833},Coworking Space
327,2023-01-10 16:12:45.957,Digital Media Centre,DMC02,ground,{'ahu_out': 34.881},Coworking Space
328,2023-01-10 16:57:47.453,Digital Media Centre,DMC02,ground,{'ahu_out': 28.355},Coworking Space
329,2023-01-10 17:12:51.014,Digital Media Centre,DMC02,ground,{'ahu_out': 39.323},Coworking Space
330,2023-01-10 17:42:49.885,Digital Media Centre,DMC02,ground,{'ahu_out': 33.892},Coworking Space
331,2023-01-10 18:12:48.564,Digital Media Centre,DMC02,ground,{'ahu_out': 38.934},Coworking Space
332,2023-01-10 22:12:52.271,Digital Media Centre,DMC02,ground,{'ahu_out': 32.38},Coworking Space
333,2023-01-10 22:27:51.860,Digital Media Centre,DMC02,ground,{'ahu_out': 32.147},Coworking Space
334,2023-01-10 22:42:48.239,Digital Media Centre,DMC02,ground,{'ahu_out': 28.377},Coworking Space
335,2023-01-10 22:57:49.957,Digital Media Centre,DMC02,ground,{'ahu_out': 24.977},Coworking Space
336,2023-01-10 23:42:49.310,Digital Media Centre,DMC02,ground,{'ahu_out': 25.512},Coworking Space
337,2023-01-11 00:12:51.798,Digital Media Centre,DMC02,ground,{'ahu_out': 25.408},Coworking Space
338,2023-01-11 00:57:49.488,Digital Media Centre,DMC02,ground,{'ahu_out': 26.952},Coworking Space
339,2023-01-11 03:42:51.647,Digital Media Centre,DMC02,ground,{'ahu_out': 30.432},Coworking Space
340,2023-01-11 03:57:52.130,Digital Media Centre,DMC02,ground,{'ahu_out': 26.3},Coworking Space
341,2023-01-11 04:42:50.971,Digital Media Centre,DMC02,ground,{'ahu_out': 37.825},Coworking Space
342,2023-01-11 07:27:48.875,Digital Media Centre,DMC02,ground,{'ahu_out': 37.988},Coworking Space
343,2023-01-11 08:27:51.861,Digital Media Centre,DMC02,ground,{'ahu_out': 30.137},Coworking Space
344,2023-01-11 09:27:50.785,Digital Media Centre,DMC02,ground,{'ahu_out': 28.511},Coworking Space
345,2023-01-11 09:42:49.455,Digital Media Centre,DMC02,ground,{'ahu_out': 36.868},Coworking Space
346,2023-01-11 10:27:48.803,Digital Media Centre,DMC02,ground,{'ahu_out': 39.528},Coworking Space
347,2023-01-11 10:57:51.163,Digital Media Centre,DMC02,ground,{'ahu_out': 25.782},Coworking Space
348,2023-01-11 11:42:49.426,Digital Media Centre,DMC02,ground,{'ahu_out': 27.33},Coworking Space
349,2023-01-11 12:27:52.155,Digital Media Centre,DMC02,ground,{'ahu_out': 35.776},Coworking Space
350,2023-01-11 13:57:51.439,Digital Media Centre,DMC02,ground,{'ahu_out': 31.565},Coworking Space
351,2023-01-11 14:27:51.064,Digital Media Centre,DMC02,ground,{'ahu_out': 29.244},Coworking Space
352,2023-01-11 14:42:52.173,Digital Media Centre,DMC02,ground,{'ahu_out': 40.225},Coworking Space
353,2023-01-11 15:42:53.149,Digital Media Centre,DMC02,ground,{'ahu_out': 33.087},Coworking Space
354,2023-01-11 16:27:52.247,Digital Media Centre,DMC02,ground,{'ahu_out': 41.798},Coworking Space
355,2023-01-11 18:12:54.805,Digital Media Centre,DMC02,ground,{'ahu_out': 31.742},Coworking Space
356,2023-01-11 18:42:54.332,Digital Media Centre,DMC02,ground,{'ahu_out': 33.138},Coworking Space
357,2023-01-11 18:57:57.620,Digital Media Centre,DMC02,ground,{'ahu_out': 37.827},Coworking Space
358,2023-01-11 19:15:38.117,Digital Media Centre,DMC02,ground,{'ahu_out': 38.044},Coworking Space
359,2023-01-11 19:42:57.384,Digital Media Centre,DMC02,ground,{'ahu_out': 32.268},Coworking Space
360,2023-01-11 20:42:54.934,Digital Media Centre,DMC02,ground,{'ahu_out': 38.225},Coworking Space
361,2023-01-11 23:42:55.357,Digital Media Centre,DMC02,ground,{'ahu_out': 28.121},Coworking Space
362,2023-01-11 23:57:56.733,Digital Media Centre,DMC02,ground,{'ahu_out': 36.89},Coworking Space
363,2023-01-12 00:27:51.063,Digital Media Centre,DMC02,ground,{'ahu_out': 36.184},Coworking Space
364,2023-01-12 00:57:56.920,Digital Media Centre,DMC02,ground,{'ahu_out': 29.206},Coworking Space
365,2023-01-12 01:57:54.891,Digital Media Centre,DMC02,ground,{'ahu_out': 40.861},Coworking Space
366,2023-01-12 04:27:55.157,Digital Media Centre,DMC02,ground,{'ahu_out': 38.627},Coworking Space
367,2023-01-12 05:12:55.655,Digital Media Centre,DMC02,ground,{'ahu_out': 32.295},Coworking Space
368,2023-01-12 06:12:55.639,Digital Media Centre,DMC02,ground,{'ahu_out': 38.241},Coworking Space
369,2023-01-12 08:12:54.040,Digital Media Centre,DMC02,ground,{'ahu_out': 40.43},Coworking Space
370,2023-01-12 12:27:54.758,Digital Media Centre,DMC02,ground,{'ahu_out': 34.247},Coworking Space
371,2023-01-12 13:12:57.722,Digital Media Centre,DMC02,ground,{'ahu_out': 30.231},Coworking Space
372,2023-01-12 14:27:55.469,Digital Media Centre,DMC02,ground,{'ahu_out': 30.692},Coworking Space
373,2023-01-12 15:42:56.385,Digital Media Centre,DMC02,ground,{'ahu_out': 36.364},Coworking Space
374,2023-01-12 17:13:00.314,Digital Media Centre,DMC02,ground,{'ahu_out': 30.439},Coworking Space
375,2023-01-12 17:57:59.994,Digital Media Centre,DMC02,ground,{'ahu_out': 27.349},Coworking Space
376,2023-01-12 20:28:00.421,Digital Media Centre,DMC02,ground,{'ahu_out': 28.153},Coworking Space
377,2023-01-12 21:43:01.586,Digital Media Centre,DMC02,ground,{'ahu_out': 31.726},Coworking Space
378,2023-01-12 21:57:58.707,Digital Media Centre,DMC02,ground,{'ahu_out': 35.869},Coworking Space
379,2023-01-13 00:13:03.465,Digital Media Centre,DMC02,ground,{'ahu_out': 31.102},Coworking Space
380,2023-01-13 00:28:00.464,Digital Media Centre,DMC02,ground,{'ahu_out': 29.636},Coworking Space
381,2023-01-13 00:42:57.846,Digital Media Centre,DMC02,ground,{'ahu_out': 35.155},Coworking Space
382,2023-01-13 02:12:59.583,Digital Media Centre,DMC02,ground,{'ahu_out': 42.673},Coworking Space
383,2023-01-13 02:57:57.333,Digital Media Centre,DMC02,ground,{'ahu_out': 37.298},Coworking Space
384,2023-01-13 04:27:58.135,Digital Media Centre,DMC02,ground,{'ahu_out': 40.199},Coworking Space
385,2023-01-13 05:27:57.773,Digital Media Centre,DMC02,ground,{'ahu_out': 29.277},Coworking Space
386,2023-01-13 05:57:59.684,Digital Media Centre,DMC02,ground,{'ahu_out': 39.925},Coworking Space
387,2023-01-13 06:13:00.495,Digital Media Centre,DMC02,ground,{'ahu_out': 31.062},Coworking Space
388,2023-01-13 07:42:59.716,Digital Media Centre,DMC02,ground,{'ahu_out': 32.111},Coworking Space
389,2023-01-13 07:57:58.039,Digital Media Centre,DMC02,ground,{'ahu_out': 37.25},Coworking Space
390,2023-01-13 08:12:58.248,Digital Media Centre,DMC02,ground,{'ahu_out': 26.51},Coworking Space
391,2023-01-13 09:12:58.386,Digital Media Centre,DMC02,ground,{'ahu_out': 33.754},Coworking Space
392,2023-01-13 09:58:00.506,Digital Media Centre,DMC02,ground,{'ahu_out': 29.144},Coworking Space
393,2023-01-13 10:12:57.742,Digital Media Centre,DMC02,ground,{'ahu_out': 28.226},Coworking Space
394,2023-01-13 11:57:58.856,Digital Media Centre,DMC02,ground,{'ahu_out': 29.052},Coworking Space
395,2023-01-13 13:13:00.749,Digital Media Centre,DMC02,ground,{'ahu_out': 31.581},Coworking Space
396,2023-01-13 13:58:00.644,Digital Media Centre,DMC02,ground,{'ahu_out': 37.763},Coworking Space
397,2023-01-13 14:42:58.836,Digital Media Centre,DMC02,ground,{'ahu_out': 32.36},Coworking Space
398,2023-01-13 16:27:59.128,Digital Media Centre,DMC02,ground,{'ahu_out': 30.755},Coworking Space
399,2023-01-26 10:36:33.115,Digital Media Centre,DMC02,ground,{'ahu_out': 28.23},Coworking Space
400,2023-01-26 10:51:26.361,Digital Media Centre,DMC02,ground,{'ahu_out': 28.051},Coworking Space
401,2023-01-26 11:06:27.917,Digital Media Centre,DMC02,ground,{'ahu_out': 32.439},Coworking Space
402,2023-01-26 11:21:29.298,Digital Media Centre,DMC02,ground,{'ahu_out': 36.7},Coworking Space
403,2023-01-26 11:36:28.208,Digital Media Centre,DMC02,ground,{'ahu_out': 37.959},Coworking Space
404,2023-01-26 11:51:30.398,Digital Media Centre,DMC02,ground,{'ahu_out': 32.356},Coworking Space
405,2023-01-26 12:06:30.361,Digital Media Centre,DMC02,ground,{'ahu_out': 38.287},Coworking Space
406,2023-01-26 12:21:31.409,Digital Media Centre,DMC02,ground,{'ahu_out': 37.026},Coworking Space
407,2023-01-26 12:36:28.667,Digital Media Centre,DMC02,ground,{'ahu_out': 33.683},Coworking Space
408,2023-01-26 12:51:27.760,Digital Media Centre,DMC02,ground,{'ahu_out': 36.619},Coworking Space
409,2023-01-26 13:06:28.526,Digital Media Centre,DMC02,ground,{'ahu_out': 35.814},Coworking Space
410,2023-01-26 13:21:38.213,Digital Media Centre,DMC02,ground,{'ahu_out': 27.162},Coworking Space
411,2023-01-26 13:36:33.162,Digital Media Centre,DMC02,ground,{'ahu_out': 30.9},Coworking Space
412,2023-01-26 13:51:28.919,Digital Media Centre,DMC02,ground,{'ahu_out': 30.858},Coworking Space
413,2023-01-26 14:06:32.199,Digital Media Centre,DMC02,ground,{'ahu_out': 38.966},Coworking Space
414,2023-01-26 14:21:46.245,Digital Media Centre,DMC02,ground,{'ahu_out': 36.599},Coworking Space
415,2023-01-26 14:36:31.727,Digital Media Centre,DMC02,ground,{'ahu_out': 40.303},Coworking Space
416,2023-01-26 14:51:38.544,Digital Media Centre,DMC02,ground,{'ahu_out': 28.952},Coworking Space
417,2023-01-26 15:06:31.807,Digital Media Centre,DMC02,ground,{'ahu_out': 38.136},Coworking Space
418,2023-01-26 15:21:38.938,Digital Media Centre,DMC02,ground,{'ahu_out': 30.524},Coworking Space
419,2023-01-26 15:36:30.133,Digital Media Centre,DMC02,ground,{'ahu_out': 28.814},Coworking Space
420,2023-01-26 15:51:31.594,Digital Media Centre,DMC02,ground,{'ahu_out': 31.356},Coworking Space
421,2023-01-26 16:06:27.628,Digital Media Centre,DMC02,ground,{'ahu_out': 35.782},Coworking Space
422,2023-01-26 16:21:54.929,Digital Media Centre,DMC02,ground,{'ahu_out': 27.067},Coworking Space
423,2023-01-26 16:36:29.617,Digital Media Centre,DMC02,ground,{'ahu_out': 40.209},Coworking Space
424,2023-01-26 16:51:31.403,Digital Media Centre,DMC02,ground,{'ahu_out': 38.34},Coworking Space
425,2023-01-26 17:07:08.874,Digital Media Centre,DMC02,ground,{'ahu_out': 34.87},Coworking Space
426,2023-01-26 17:21:43.044,Digital Media Centre,DMC02,ground,{'ahu_out': 27.142},Coworking Space
427,2023-01-26 17:36:34.761,Digital Media Centre,DMC02,ground,{'ahu_out': 34.059},Coworking Space
428,2023-01-26 17:51:34.827,Digital Media Centre,DMC02,ground,{'ahu_out': 27.483},Coworking Space
429,2023-01-26 18:06:32.015,Digital Media Centre,DMC02,ground,{'ahu_out': 36.68},Coworking Space
430,2023-01-26 18:21:35.464,Digital Media Centre,DMC02,ground,{'ahu_out': 34.51},Coworking Space
431,2023-01-26 18:36:35.446,Digital Media Centre,DMC02,ground,{'ahu_out': 40.677},Coworking Space
432,2023-01-26 18:51:32.361,Digital Media Centre,DMC02,ground,{'ahu_out': 33.982},Coworking Space
433,2023-01-26 19:06:30.240,Digital Media Centre,DMC02,ground,{'ahu_out': 35.141},Coworking Space
434,2023-01-26 19:21:33.419,Digital Media Centre,DMC02,ground,{'ahu_out': 33.209},Coworking Space
435,2023-01-26 19:36:33.876,Digital Media Centre,DMC02,ground,{'ahu_out': 37.651},Coworking Space
436,2023-01-26 19:51:33.434,Digital Media Centre,DMC02,ground,{'ahu_out': 32.48},Coworking Space
437,2023-01-26 20:06:32.902,Digital Media Centre,DMC02,ground,{'ahu_out': 28.95},Coworking Space
438,2023-01-26 20:21:36.841,Digital Media Centre,DMC02,ground,{'ahu_out': 28.059},Coworking Space
439,2023-01-26 20:36:34.322,Digital Media Centre,DMC02,ground,{'ahu_out': 40.194},Coworking Space
440,2023-01-26 20:51:34.764,Digital Media Centre,DMC02,ground,{'ahu_out': 26.546},Coworking Space
441,2023-01-26 21:06:33.850,Digital Media Centre,DMC02,ground,{'ahu_out': 32.223},Coworking Space
442,2023-01-26 21:21:34.776,Digital Media Centre,DMC02,ground,{'ahu_out': 30.814},Coworking Space
443,2023-01-26 21:36:33.837,Digital Media Centre,DMC02,ground,{'ahu_out': 37.922},Coworking Space
444,2023-01-26 21:51:34.570,Digital Media Centre,DMC02,ground,{'ahu_out': 30.822},Coworking Space
445,2023-01-26 22:06:34.354,Digital Media Centre,DMC02,ground,{'ahu_out': 33.376},Coworking Space
446,2023-01-26 22:21:33.178,Digital Media Centre,DMC02,ground,{'ahu_out': 41.152},Coworking Space
447,2023-01-26 22:36:35.564,Digital Media Centre,DMC02,ground,{'ahu_out': 38.503},Coworking Space
448,2023-01-26 22:51:34.694,Digital Media Centre,DMC02,ground,{'ahu_out': 32.18},Coworking Space
449,2023-01-26 23:06:35.522,Digital Media Centre,DMC02,ground,{'ahu_out': 37.063},Coworking Space
450,2023-01-26 23:21:35.157,Digital Media Centre,DMC02,ground,{'ahu_out': 36.465},Coworking Space
451,2023-01-26 23:36:53.055,Digital Media Centre,DMC02,ground,{'ahu_out': 31.165},Coworking Space
452,2023-01-26 23:51:33.116,Digital Media Centre,DMC02,ground,{'ahu_out': 35.985},Coworking Space
453,2023-01-27 00:06:34.046,Digital Media Centre,DMC02,ground,{'ahu_out': 26.159},Coworking Space
454,2023-01-27 00:21:34.586,Digital Media Centre,DMC02,ground,{'ahu_out': 37.474},Coworking Space
455,2023-01-27 00:36:34.187,Digital Media Centre,DMC02,ground,{'ahu_out': 25.167},Coworking Space
456,2023-01-27 00:51:33.405,Digital Media Centre,DMC02,ground,{'ahu_out': 29.798},Coworking Space
457,2023-01-27 01:06:34.334,Digital Media Centre,DMC02,ground,{'ahu_out': 35.567},Coworking Space
458,2023-01-27 01:21:32.617,Digital Media Centre,DMC02,ground,{'ahu_out': 42.524},Coworking Space
459,2023-01-27 01:36:34.968,Digital Media Centre,DMC02,ground,{'ahu_out': 27.573},Coworking Space
460,2023-01-27 01:51:35.746,Digital Media Centre,DMC02,ground,{'ahu_out': 38.238},Coworking Space
461,2023-01-27 02:06:35.299,Digital Media Centre,DMC02,ground,{'ahu_out': 31.53},Coworking Space
462,2023-01-27 02:21:29.516,Digital Media Centre,DMC02,ground,{'ahu_out': 28.688},Coworking Space
463,2023-01-27 02:36:35.089,Digital Media Centre,DMC02,ground,{'ahu_out': 35.789},Coworking Space
464,2023-01-27 02:51:33.413,Digital Media Centre,DMC02,ground,{'ahu_out': 39.139},Coworking Space
465,2023-01-27 03:06:35.246,Digital Media Centre,DMC02,ground,{'ahu_out': 35.13},Coworking Space
466,2023-01-27 03:21:37.314,Digital Media Centre,DMC02,ground,{'ahu_out': 39.736},Coworking Space
467,2023-01-27 03:36:34.988,Digital Media Centre,DMC02,ground,{'ahu_out': 27.302},Coworking Space
468,2023-01-27 03:51:32.048,Digital Media Centre,DMC02,ground,{'ahu_out': 28.484},Coworking Space
469,2023-01-27 04:06:30.596,Digital Media Centre,DMC02,ground,{'ahu_out': 32.299},Coworking Space
470,2023-01-27 04:21:36.355,Digital Media Centre,DMC02,ground,{'ahu_out': 39.144},Coworking Space
471,2023-01-27 04:36:35.999,Digital Media Centre,DMC02,ground,{'ahu_out': 30.044},Coworking Space
472,2023-01-27 04:51:32.982,Digital Media Centre,DMC02,ground,{'ahu_out': 33.949},Coworking Space
473,2023-01-27 05:06:33.765,Digital Media Centre,DMC02,ground,{'ahu_out': 33.498},Coworking Space
474,2023-01-27 05:21:33.733,Digital Media Centre,DMC02,ground,{'ahu_out': 34.865},Coworking Space
475,2023-01-27 05:36:35.328,Digital Media Centre,DMC02,ground,{'ahu_out': 38.776},Coworking Space
476,2023-01-27 05:51:35.080,Digital Media Centre,DMC02,ground,{'ahu_out': 37.2},Coworking Space
477,2023-01-27 06:06:35.091,Digital Media Centre,DMC02,ground,{'ahu_out': 41.792},Coworking Space
478,2023-01-27 06:21:36.195,Digital Media Centre,DMC02,ground,{'ahu_out': 32.42},Coworking Space
479,2023-01-27 06:36:32.159,Digital Media Centre,DMC02,ground,{'ahu_out': 31.917},Coworking Space
480,2023-01-27 06:53:29.867,Digital Media Centre,DMC02,ground,{'ahu_out': 30.668},Coworking Space
481,2023-01-27 07:07:03.626,Digital Media Centre,DMC02,ground,{'ahu_out': 32.298},Coworking Space
482,2023-01-27 07:21:34.271,Digital Media Centre,DMC02,ground,{'ahu_out': 32.935},Coworking Space
483,2023-01-27 07:36:34.537,Digital Media Centre,DMC02,ground,{'ahu_out': 28.677},Coworking Space
484,2023-01-27 07:51:35.235,Digital Media Centre,DMC02,ground,{'ahu_out': 33.031},Coworking Space
485,2023-01-27 08:06:32.391,Digital Media Centre,DMC02,ground,{'ahu_out': 38.853},Coworking Space
486,2023-01-27 08:21:32.907,Digital Media Centre,DMC02,ground,{'ahu_out': 39.332},Coworking Space
487,2023-01-27 08:36:32.962,Digital Media Centre,DMC02,ground,{'ahu_out': 32.828},Coworking Space
488,2023-01-27 08:51:31.360,Digital Media Centre,DMC02,ground,{'ahu_out': 32.109},Coworking Space
489,2023-01-27 09:06:35.235,Digital Media Centre,DMC02,ground,{'ahu_out': 35.393},Coworking Space
490,2023-01-27 09:21:34.345,Digital Media Centre,DMC02,ground,{'ahu_out': 35.152},Coworking Space
491,2023-01-27 09:36:36.971,Digital Media Centre,DMC02,ground,{'ahu_out': 29.543},Coworking Space
492,2023-01-27 09:51:35.408,Digital Media Centre,DMC02,ground,{'ahu_out': 28.383},Coworking Space
493,2023-01-27 10:06:35.794,Digital Media Centre,DMC02,ground,{'ahu_out': 37.399},Coworking Space
494,2023-01-27 10:21:32.141,Digital Media Centre,DMC02,ground,{'ahu_out': 31.769},Coworking Space
495,2023-01-27 10:36:33.318,Digital Media Centre,DMC02,ground,{'ahu_out': 30.537},Coworking Space
496,2023-01-27 10:56:46.230,Digital Media Centre,DMC02,ground,{'ahu_out': 36.452},Coworking Space
497,2023-01-27 11:06:39.450,Digital Media Centre,DMC02,ground,{'ahu_out': 35.183},Coworking Space
498,2023-01-27 11:21:42.861,Digital Media Centre,DMC02,ground,{'ahu_out': 41.132},Coworking Space
499,2023-01-27 11:36:45.656,Digital Media Centre,DMC02,ground,{'ahu_out': 27.864},Coworking Space
500,2023-01-27 11:51:41.366,Digital Media Centre,DMC02,ground,{'ahu_out': 32.44},Coworking Space
501,2023-01-27 12:06:37.809,Digital Media Centre,DMC02,ground,{'ahu_out': 41.575},Coworking Space
502,2023-01-27 12:21:36.963,Digital Media Centre,DMC02,ground,{'ahu_out': 36.426},Coworking Space
503,2023-01-27 12:36:32.459,Digital Media Centre,DMC02,ground,{'ahu_out': 31.621},Coworking Space
504,2023-01-27 12:51:38.122,Digital Media Centre,DMC02,ground,{'ahu_out': 31.591},Coworking Space
505,2023-01-27 13:06:36.328,Digital Media Centre,DMC02,ground,{'ahu_out': 33.583},Coworking Space
506,2023-01-27 13:21:55.964,Digital Media Centre,DMC02,ground,{'ahu_out': 27.598},Coworking Space
507,2023-01-27 13:36:33.699,Digital Media Centre,DMC02,ground,{'ahu_out': 33.86},Coworking Space
508,2023-01-27 13:51:36.130,Digital Media Centre,DMC02,ground,{'ahu_out': 36.009},Coworking Space
509,2023-01-27 14:06:39.844,Digital Media Centre,DMC02,ground,{'ahu_out': 36.879},Coworking Space
510,2023-01-27 14:21:40.495,Digital Media Centre,DMC02,ground,{'ahu_out': 31.458},Coworking Space
511,2023-01-27 14:36:54.712,Digital Media Centre,DMC02,ground,{'ahu_out': 29.129},Coworking Space
512,2023-01-27 14:51:34.392,Digital Media Centre,DMC02,ground,{'ahu_out': 39.53},Coworking Space
513,2023-01-27 15:08:29.819,Digital Media Centre,DMC02,ground,{'ahu_out': 42.018},Coworking Space
514,2023-01-27 15:21:37.122,Digital Media Centre,DMC02,ground,{'ahu_out': 29.091},Coworking Space
515,2023-01-27 15:36:43.000,Digital Media Centre,DMC02,ground,{'ahu_out': 42.355},Coworking Space
516,2023-01-27 15:51:44.144,Digital Media Centre,DMC02,ground,{'ahu_out': 28.211},Coworking Space
517,2023-01-27 16:06:35.381,Digital Media Centre,DMC02,ground,{'ahu_out': 29.867},Coworking Space
518,2023-01-27 16:21:40.801,Digital Media Centre,DMC02,ground,{'ahu_out': 36.415},Coworking Space
519,2023-01-27 16:36:39.483,Digital Media Centre,DMC02,ground,{'ahu_out': 39.705},Coworking Space
520,2023-01-27 16:51:36.765,Digital Media Centre,DMC02,ground,{'ahu_out': 33.98},Coworking Space
521,2023-01-27 17:06:45.061,Digital Media Centre,DMC02,ground,{'ahu_out': 37.321},Coworking Space
522,2023-01-27 17:21:45.743,Digital Media Centre,DMC02,ground,{'ahu_out': 41.497},Coworking Space
523,2023-01-27 17:36:50.985,Digital Media Centre,DMC02,ground,{'ahu_out': 34.748},Coworking Space
524,2023-01-27 17:51:41.456,Digital Media Centre,DMC02,ground,{'ahu_out': 37.767},Coworking Space
525,2023-01-27 18:06:37.056,Digital Media Centre,DMC02,ground,{'ahu_out': 36.807},Coworking Space
526,2023-01-27 18:21:38.951,Digital Media Centre,DMC02,ground,{'ahu_out': 26.369},Coworking Space
527,2023-01-27 18:36:37.388,Digital Media Centre,DMC02,ground,{'ahu_out': 36.019},Coworking Space
528,2023-01-27 18:51:38.720,Digital Media Centre,DMC02,ground,{'ahu_out': 33.531},Coworking Space
529,2023-01-27 19:06:37.894,Digital Media Centre,DMC02,ground,{'ahu_out': 39.894},Coworking Space
530,2023-01-27 19:21:39.649,Digital Media Centre,DMC02,ground,{'ahu_out': 27.926},Coworking Space
531,2023-01-27 19:36:37.525,Digital Media Centre,DMC02,ground,{'ahu_out': 40.043},Coworking Space
532,2023-01-27 19:51:36.870,Digital Media Centre,DMC02,ground,{'ahu_out': 27.489},Coworking Space
533,2023-01-27 20:06:38.346,Digital Media Centre,DMC02,ground,{'ahu_out': 31.676},Coworking Space
534,2023-01-27 20:21:36.712,Digital Media Centre,DMC02,ground,{'ahu_out': 38.917},Coworking Space
535,2023-01-27 20:36:38.030,Digital Media Centre,DMC02,ground,{'ahu_out': 29.111},Coworking Space
536,2023-01-27 20:51:38.940,Digital Media Centre,DMC02,ground,{'ahu_out': 36.402},Coworking Space
537,2023-01-27 21:06:36.726,Digital Media Centre,DMC02,ground,{'ahu_out': 28.265},Coworking Space
538,2023-01-27 21:21:36.421,Digital Media Centre,DMC02,ground,{'ahu_out': 32.044},Coworking Space
539,2023-01-27 21:36:35.691,Digital Media Centre,DMC02,ground,{'ahu_out': 26.316},Coworking Space
540,2023-01-27 21:51:34.425,Digital Media Centre,DMC02,ground,{'ahu_out': 31.61},Coworking Space
541,2023-01-27 22:06:38.532,Digital Media Centre,DMC02,ground,{'ahu_out': 27.686},Coworking Space
542,2023-01-27 22:21:38.905,Digital Media Centre,DMC02,ground,{'ahu_out': 36.86},Coworking Space
543,2023-01-27 22:36:37.460,Digital Media Centre,DMC02,ground,{'ahu_out': 33.032},Coworking Space
544,2023-01-27 22:51:36.232,Digital Media Centre,DMC02,ground,{'ahu_out': 40.026},Coworking Space
545,2023-01-27 23:06:39.198,Digital Media Centre,DMC02,ground,{'ahu_out': 39.709},Coworking Space
546,2023-01-27 23:21:38.534,Digital Media Centre,DMC02,ground,{'ahu_out': 31.835},Coworking Space
547,2023-01-27 23:36:37.352,Digital Media Centre,DMC02,ground,{'ahu_out': 31.426},Coworking Space
548,2023-01-27 23:51:34.358,Digital Media Centre,DMC02,ground,{'ahu_out': 34.677},Coworking Space
549,2023-01-28 00:06:39.071,Digital Media Centre,DMC02,ground,{'ahu_out': 26.802},Coworking Space
550,2023-01-28 00:21:38.501,Digital Media Centre,DMC02,ground,{'ahu_out': 37.6},Coworking Space
551,2023-01-28 00:36:36.472,Digital Media Centre,DMC02,ground,{'ahu_out': 37.311},Coworking Space
552,2023-01-28 00:51:35.572,Digital Media Centre,DMC02,ground,{'ahu_out': 42.184},Coworking Space
553,2023-01-28 01:06:38.177,Digital Media Centre,DMC02,ground,{'ahu_out': 36.353},Coworking Space
554,2023-01-28 01:21:37.443,Digital Media Centre,DMC02,ground,{'ahu_out': 33.821},Coworking Space
555,2023-01-28 01:36:38.956,Digital Media Centre,DMC02,ground,{'ahu_out': 36.982},Coworking Space
556,2023-01-28 01:51:36.289,Digital Media Centre,DMC02,ground,{'ahu_out': 39.652},Coworking Space
557,2023-01-28 02:06:35.935,Digital Media Centre,DMC02,ground,{'ahu_out': 40.949},Coworking Space
558,2023-01-28 02:21:39.179,Digital Media Centre,DMC02,ground,{'ahu_out': 24.409},Coworking Space
559,2023-01-28 02:36:39.249,Digital Media Centre,DMC02,ground,{'ahu_out': 35.417},Coworking Space
560,2023-01-28 02:51:37.329,Digital Media Centre,DMC02,ground,{'ahu_out': 27.83},Coworking Space
561,2023-01-28 03:06:36.027,Digital Media Centre,DMC02,ground,{'ahu_out': 26.267},Coworking Space
562,2023-01-28 03:21:36.138,Digital Media Centre,DMC02,ground,{'ahu_out': 38.136},Coworking Space
563,2023-01-28 03:36:37.491,Digital Media Centre,DMC02,ground,{'ahu_out': 36.415},Coworking Space
564,2023-01-28 03:52:52.266,Digital Media Centre,DMC02,ground,{'ahu_out': 35.141},Coworking Space
565,2023-01-28 04:06:39.118,Digital Media Centre,DMC02,ground,{'ahu_out': 30.999},Coworking Space
566,2023-01-28 04:21:36.822,Digital Media Centre,DMC02,ground,{'ahu_out': 33.377},Coworking Space
567,2023-01-28 04:36:35.237,Digital Media Centre,DMC02,ground,{'ahu_out': 32.174},Coworking Space
568,2023-01-28 04:51:38.255,Digital Media Centre,DMC02,ground,{'ahu_out': 40.87},Coworking Space
569,2023-01-28 05:06:38.554,Digital Media Centre,DMC02,ground,{'ahu_out': 28.003},Coworking Space
570,2023-01-28 05:21:36.837,Digital Media Centre,DMC02,ground,{'ahu_out': 27.798},Coworking Space
571,2023-01-28 05:36:37.195,Digital Media Centre,DMC02,ground,{'ahu_out': 32.248},Coworking Space
572,2023-01-28 05:51:37.535,Digital Media Centre,DMC02,ground,{'ahu_out': 27.687},Coworking Space
573,2023-01-28 06:06:36.080,Digital Media Centre,DMC02,ground,{'ahu_out': 30.443},Coworking Space
574,2023-01-28 06:21:33.257,Digital Media Centre,DMC02,ground,{'ahu_out': 25.992},Coworking Space
575,2023-01-28 06:36:38.486,Digital Media Centre,DMC02,ground,{'ahu_out': 30.633},Coworking Space
576,2023-01-28 06:51:34.519,Digital Media Centre,DMC02,ground,{'ahu_out': 34.342},Coworking Space
577,2023-01-28 07:06:35.772,Digital Media Centre,DMC02,ground,{'ahu_out': 34.062},Coworking Space
578,2023-01-28 07:21:37.390,Digital Media Centre,DMC02,ground,{'ahu_out': 29.084},Coworking Space
579,2023-01-28 07:36:39.579,Digital Media Centre,DMC02,ground,{'ahu_out': 39.039},Coworking Space
580,2023-01-28 07:51:34.574,Digital Media Centre,DMC02,ground,{'ahu_out': 34.957},Coworking Space
581,2023-01-28 08:06:36.256,Digital Media Centre,DMC02,ground,{'ahu_out': 32.753},Coworking Space
582,2023-01-28 08:21:38.709,Digital Media Centre,DMC02,ground,{'ahu_out': 40.19},Coworking Space
583,2023-01-28 08:36:36.608,Digital Media Centre,DMC02,ground,{'ahu_out': 42.86},Coworking Space
584,2023-01-28 08:51:39.029,Digital Media Centre,DMC02,ground,{'ahu_out': 26.323},Coworking Space
585,2023-01-28 09:06:38.228,Digital Media Centre,DMC02,ground,{'ahu_out': 35.577},Coworking Space
586,2023-01-28 09:21:34.965,Digital Media Centre,DMC02,ground,{'ahu_out': 38.939},Coworking Space
587,2023-01-28 09:36:35.944,Digital Media Centre,DMC02,ground,{'ahu_out': 28.967},Coworking Space
588,2023-01-28 09:51:38.417,Digital Media Centre,DMC02,ground,{'ahu_out': 27.405},Coworking Space
589,2023-01-28 10:06:33.702,Digital Media Centre,DMC02,ground,{'ahu_out': 31.499},Coworking Space
590,2023-01-28 10:21:38.881,Digital Media Centre,DMC02,ground,{'ahu_out': 34.288},Coworking Space
591,2023-01-28 10:36:35.785,Digital Media Centre,DMC02,ground,{'ahu_out': 34.966},Coworking Space
592,2023-01-28 10:51:37.253,Digital Media Centre,DMC02,ground,{'ahu_out': 39.509},Coworking Space
593,2023-01-28 11:06:39.510,Digital Media Centre,DMC02,ground,{'ahu_out': 31.458},Coworking Space
594,2023-01-28 11:21:34.700,Digital Media Centre,DMC02,ground,{'ahu_out': 35.613},Coworking Space
595,2023-01-28 11:36:36.205,Digital Media Centre,DMC02,ground,{'ahu_out': 36.335},Coworking Space
596,2023-01-28 11:51:35.740,Digital Media Centre,DMC02,ground,{'ahu_out': 39.735},Coworking Space
597,2023-01-28 12:06:39.230,Digital Media Centre,DMC02,ground,{'ahu_out': 39.097},Coworking Space
598,2023-01-28 12:21:38.318,Digital Media Centre,DMC02,ground,{'ahu_out': 30.005},Coworking Space
599,2023-01-28 12:36:36.797,Digital Media Centre,DMC02,ground,{'ahu_out': 36.232},Coworking Space
600,2023-01-28 12:51:38.703,Digital Media Centre,DMC02,ground,{'ahu_out': 28.031},Coworking Space
601,2023-01-28 13:06:38.176,Digital Media Centre,DMC02,ground,{'ahu_out': 29.631},Coworking Space
602,2023-01-28 13:21:34.331,Digital Media Centre,DMC02,ground,{'ahu_out': 30.901},Coworking Space
603,2023-01-28 13:36:36.978,Digital Media Centre,DMC02,ground,{'ahu_out': 37.815},Coworking Space
604,2023-01-28 13:51:39.986,Digital Media Centre,DMC02,ground,{'ahu_out': 33.125},Coworking Space
605,2023-01-28 14:06:36.338,Digital Media Centre,DMC02,ground,{'ahu_out': 32.051},Coworking Space
606,2023-01-28 14:21:37.002,Digital Media Centre,DMC02,ground,{'ahu_out': 28.927},Coworking Space
607,2023-01-28 14:36:39.445,Digital Media Centre,DMC02,ground,{'ahu_out': 38.432},Coworking Space
608,2023-01-28 14:51:35.719,Digital Media Centre,DMC02,ground,{'ahu_out': 30.136},Coworking Space
609,2023-01-28 15:06:39.083,Digital Media Centre,DMC02,ground,{'ahu_out': 32.247},Coworking Space
610,2023-01-28 15:21:45.381,Digital Media Centre,DMC02,ground,{'ahu_out': 41.718},Coworking Space
611,2023-01-28 15:36:36.524,Digital Media Centre,DMC02,ground,{'ahu_out': 33.813},Coworking Space
612,2023-01-28 15:51:32.799,Digital Media Centre,DMC02,ground,{'ahu_out': 25.671},Coworking Space
613,2023-01-28 16:06:37.396,Digital Media Centre,DMC02,ground,{'ahu_out': 35.821},Coworking Space
614,2023-01-28 16:21:37.191,Digital Media Centre,DMC02,ground,{'ahu_out': 34.318},Coworking Space
615,2023-01-28 16:36:36.770,Digital Media Centre,DMC02,ground,{'ahu_out': 37.557},Coworking Space
616,2023-01-28 16:51:37.817,Digital Media Centre,DMC02,ground,{'ahu_out': 37.618},Coworking Space
617,2023-01-28 17:06:41.559,Digital Media Centre,DMC02,ground,{'ahu_out': 38.579},Coworking Space
618,2023-01-28 17:21:45.838,Digital Media Centre,DMC02,ground,{'ahu_out': 31.858},Coworking Space
619,2023-01-28 17:36:33.741,Digital Media Centre,DMC02,ground,{'ahu_out': 34.672},Coworking Space
620,2023-01-28 17:51:36.258,Digital Media Centre,DMC02,ground,{'ahu_out': 25.755},Coworking Space
621,2023-01-28 18:06:38.281,Digital Media Centre,DMC02,ground,{'ahu_out': 37.814},Coworking Space
622,2023-01-28 18:21:38.377,Digital Media Centre,DMC02,ground,{'ahu_out': 39.726},Coworking Space
623,2023-01-28 18:36:39.217,Digital Media Centre,DMC02,ground,{'ahu_out': 34.133},Coworking Space
624,2023-01-28 18:51:36.685,Digital Media Centre,DMC02,ground,{'ahu_out': 31.176},Coworking Space
625,2023-01-28 19:06:44.547,Digital Media Centre,DMC02,ground,{'ahu_out': 41.403},Coworking Space
626,2023-01-28 19:21:38.507,Digital Media Centre,DMC02,ground,{'ahu_out': 34.517},Coworking Space
627,2023-01-28 19:36:41.441,Digital Media Centre,DMC02,ground,{'ahu_out': 29.285},Coworking Space
628,2023-01-28 19:51:43.206,Digital Media Centre,DMC02,ground,{'ahu_out': 28.031},Coworking Space
629,2023-01-28 20:06:42.957,Digital Media Centre,DMC02,ground,{'ahu_out': 29.396},Coworking Space
630,2023-01-28 20:21:42.028,Digital Media Centre,DMC02,ground,{'ahu_out': 32.094},Coworking Space
631,2023-01-28 20:36:41.435,Digital Media Centre,DMC02,ground,{'ahu_out': 36.376},Coworking Space
632,2023-01-28 20:51:42.045,Digital Media Centre,DMC02,ground,{'ahu_out': 37.281},Coworking Space
633,2023-01-28 21:06:41.974,Digital Media Centre,DMC02,ground,{'ahu_out': 38.524},Coworking Space
634,2023-01-28 21:21:40.835,Digital Media Centre,DMC02,ground,{'ahu_out': 38.597},Coworking Space
635,2023-01-28 21:36:44.468,Digital Media Centre,DMC02,ground,{'ahu_out': 26.758},Coworking Space
636,2023-01-28 21:51:45.697,Digital Media Centre,DMC02,ground,{'ahu_out': 32.922},Coworking Space
637,2023-01-28 22:06:46.485,Digital Media Centre,DMC02,ground,{'ahu_out': 40.922},Coworking Space
638,2023-01-28 22:21:46.414,Digital Media Centre,DMC02,ground,{'ahu_out': 33.38},Coworking Space
639,2023-01-28 22:36:45.126,Digital Media Centre,DMC02,ground,{'ahu_out': 30.996},Coworking Space
640,2023-01-28 22:51:47.078,Digital Media Centre,DMC02,ground,{'ahu_out': 39.905},Coworking Space
641,2023-01-28 23:06:45.972,Digital Media Centre,DMC02,ground,{'ahu_out': 33.356},Coworking Space
642,2023-01-28 23:21:46.250,Digital Media Centre,DMC02,ground,{'ahu_out': 38.79},Coworking Space
643,2023-01-28 23:36:45.634,Digital Media Centre,DMC02,ground,{'ahu_out': 39.332},Coworking Space
644,2023-01-28 23:51:47.847,Digital Media Centre,DMC02,ground,{'ahu_out': 38.236},Coworking Space
645,2023-01-29 00:06:46.021,Digital Media Centre,DMC02,ground,{'ahu_out': 28.869},Coworking Space
646,2023-01-29 00:21:45.179,Digital Media Centre,DMC02,ground,{'ahu_out': 41.094},Coworking Space
647,2023-01-29 00:36:46.529,Digital Media Centre,DMC02,ground,{'ahu_out': 40.692},Coworking Space
648,2023-01-29 00:51:45.516,Digital Media Centre,DMC02,ground,{'ahu_out': 34.302},Coworking Space
649,2023-01-29 01:06:46.062,Digital Media Centre,DMC02,ground,{'ahu_out': 36.186},Coworking Space
650,2023-01-29 01:24:56.599,Digital Media Centre,DMC02,ground,{'ahu_out': 33.206},Coworking Space
651,2023-01-29 01:36:43.505,Digital Media Centre,DMC02,ground,{'ahu_out': 26.779},Coworking Space
652,2023-01-29 01:51:40.747,Digital Media Centre,DMC02,ground,{'ahu_out': 36.87},Coworking Space
653,2023-01-29 02:06:42.260,Digital Media Centre,DMC02,ground,{'ahu_out': 36.952},Coworking Space
654,2023-01-29 02:21:40.991,Digital Media Centre,DMC02,ground,{'ahu_out': 42.23},Coworking Space
655,2023-01-29 02:36:42.477,Digital Media Centre,DMC02,ground,{'ahu_out': 27.497},Coworking Space
656,2023-01-29 02:51:39.948,Digital Media Centre,DMC02,ground,{'ahu_out': 27.869},Coworking Space
657,2023-01-29 03:06:41.587,Digital Media Centre,DMC02,ground,{'ahu_out': 37.224},Coworking Space
658,2023-01-29 03:21:43.250,Digital Media Centre,DMC02,ground,{'ahu_out': 31.847},Coworking Space
659,2023-01-29 03:36:44.419,Digital Media Centre,DMC02,ground,{'ahu_out': 35.271},Coworking Space
660,2023-01-29 03:51:40.501,Digital Media Centre,DMC02,ground,{'ahu_out': 29.906},Coworking Space
661,2023-01-29 04:06:41.985,Digital Media Centre,DMC02,ground,{'ahu_out': 36.099},Coworking Space
662,2023-01-29 04:21:42.103,Digital Media Centre,DMC02,ground,{'ahu_out': 34.879},Coworking Space
663,2023-01-29 04:36:39.117,Digital Media Centre,DMC02,ground,{'ahu_out': 35.351},Coworking Space
664,2023-01-29 04:51:40.178,Digital Media Centre,DMC02,ground,{'ahu_out': 36.859},Coworking Space
665,2023-01-29 05:06:42.707,Digital Media Centre,DMC02,ground,{'ahu_out': 39.914},Coworking Space
666,2023-01-29 05:21:42.704,Digital Media Centre,DMC02,ground,{'ahu_out': 26.092},Coworking Space
667,2023-01-29 05:36:40.194,Digital Media Centre,DMC02,ground,{'ahu_out': 38.247},Coworking Space
668,2023-01-29 05:51:41.689,Digital Media Centre,DMC02,ground,{'ahu_out': 33.869},Coworking Space
669,2023-01-29 06:06:42.846,Digital Media Centre,DMC02,ground,{'ahu_out': 40.382},Coworking Space
670,2023-01-29 06:21:43.824,Digital Media Centre,DMC02,ground,{'ahu_out': 38.651},Coworking Space
671,2023-01-29 06:36:40.922,Digital Media Centre,DMC02,ground,{'ahu_out': 35.976},Coworking Space
672,2023-01-29 06:51:44.106,Digital Media Centre,DMC02,ground,{'ahu_out': 29.198},Coworking Space
673,2023-01-29 07:06:42.830,Digital Media Centre,DMC02,ground,{'ahu_out': 41.903},Coworking Space
674,2023-01-29 07:21:42.881,Digital Media Centre,DMC02,ground,{'ahu_out': 37.844},Coworking Space
675,2023-01-29 07:36:42.788,Digital Media Centre,DMC02,ground,{'ahu_out': 35.925},Coworking Space
676,2023-01-29 07:51:40.375,Digital Media Centre,DMC02,ground,{'ahu_out': 30.202},Coworking Space
677,2023-01-29 08:06:42.941,Digital Media Centre,DMC02,ground,{'ahu_out': 38.324},Coworking Space
678,2023-01-29 08:21:43.842,Digital Media Centre,DMC02,ground,{'ahu_out': 37.813},Coworking Space
679,2023-01-29 08:36:40.622,Digital Media Centre,DMC02,ground,{'ahu_out': 25.478},Coworking Space
680,2023-01-29 08:51:42.960,Digital Media Centre,DMC02,ground,{'ahu_out': 35.249},Coworking Space
681,2023-01-29 09:06:40.439,Digital Media Centre,DMC02,ground,{'ahu_out': 40.314},Coworking Space
682,2023-01-29 09:21:44.134,Digital Media Centre,DMC02,ground,{'ahu_out': 37.253},Coworking Space
683,2023-01-29 09:36:43.944,Digital Media Centre,DMC02,ground,{'ahu_out': 34.68},Coworking Space
684,2023-01-29 09:51:42.253,Digital Media Centre,DMC02,ground,{'ahu_out': 40.767},Coworking Space
685,2023-01-29 10:06:41.905,Digital Media Centre,DMC02,ground,{'ahu_out': 28.769},Coworking Space
686,2023-01-29 10:21:43.833,Digital Media Centre,DMC02,ground,{'ahu_out': 32.433},Coworking Space
687,2023-01-29 10:36:44.025,Digital Media Centre,DMC02,ground,{'ahu_out': 27.001},Coworking Space
688,2023-01-29 10:51:43.752,Digital Media Centre,DMC02,ground,{'ahu_out': 33.586},Coworking Space
689,2023-01-29 11:06:43.532,Digital Media Centre,DMC02,ground,{'ahu_out': 28.401},Coworking Space
690,2023-01-29 11:21:45.987,Digital Media Centre,DMC02,ground,{'ahu_out': 33.957},Coworking Space
691,2023-01-29 11:36:44.948,Digital Media Centre,DMC02,ground,{'ahu_out': 41.393},Coworking Space
692,2023-01-29 11:51:44.769,Digital Media Centre,DMC02,ground,{'ahu_out': 27.011},Coworking Space
693,2023-01-29 12:06:45.899,Digital Media Centre,DMC02,ground,{'ahu_out': 36.452},Coworking Space
694,2023-01-29 12:21:44.709,Digital Media Centre,DMC02,ground,{'ahu_out': 25.619},Coworking Space
695,2023-01-29 12:36:46.963,Digital Media Centre,DMC02,ground,{'ahu_out': 28.443},Coworking Space
696,2023-01-29 12:51:44.795,Digital Media Centre,DMC02,ground,{'ahu_out': 35.272},Coworking Space
697,2023-01-29 13:06:43.661,Digital Media Centre,DMC02,ground,{'ahu_out': 33.611},Coworking Space
698,2023-01-29 13:21:45.245,Digital Media Centre,DMC02,ground,{'ahu_out': 37.606},Coworking Space
699,2023-01-29 13:36:44.850,Digital Media Centre,DMC02,ground,{'ahu_out': 34.274},Coworking Space
700,2023-01-29 13:51:44.461,Digital Media Centre,DMC02,ground,{'ahu_out': 26.319},Coworking Space
701,2023-01-29 14:06:45.946,Digital Media Centre,DMC02,ground,{'ahu_out': 30.83},Coworking Space
702,2023-01-29 14:21:44.585,Digital Media Centre,DMC02,ground,{'ahu_out': 39.529},Coworking Space
703,2023-01-29 14:36:45.299,Digital Media Centre,DMC02,ground,{'ahu_out': 30.631},Coworking Space
704,2023-01-29 14:51:45.144,Digital Media Centre,DMC02,ground,{'ahu_out': 39.025},Coworking Space
705,2023-01-29 15:08:26.134,Digital Media Centre,DMC02,ground,{'ahu_out': 33.11},Coworking Space
706,2023-01-29 15:21:48.914,Digital Media Centre,DMC02,ground,{'ahu_out': 35.696},Coworking Space
707,2023-01-29 15:36:47.795,Digital Media Centre,DMC02,ground,{'ahu_out': 31.923},Coworking Space
708,2023-01-29 15:51:47.585,Digital Media Centre,DMC02,ground,{'ahu_out': 30.403},Coworking Space
709,2023-01-29 16:06:46.058,Digital Media Centre,DMC02,ground,{'ahu_out': 40.363},Coworking Space
710,2023-01-29 16:21:44.987,Digital Media Centre,DMC02,ground,{'ahu_out': 38.201},Coworking Space
711,2023-01-29 16:36:46.324,Digital Media Centre,DMC02,ground,{'ahu_out': 28.019},Coworking Space
712,2023-01-29 16:51:45.821,Digital Media Centre,DMC02,ground,{'ahu_out': 36.619},Coworking Space
713,2023-01-29 17:10:35.348,Digital Media Centre,DMC02,ground,{'ahu_out': 26.062},Coworking Space
714,2023-01-29 17:22:48.750,Digital Media Centre,DMC02,ground,{'ahu_out': 37.506},Coworking Space
715,2023-01-29 17:38:13.482,Digital Media Centre,DMC02,ground,{'ahu_out': 31.376},Coworking Space
716,2023-01-29 17:51:50.505,Digital Media Centre,DMC02,ground,{'ahu_out': 36.977},Coworking Space
717,2023-01-29 18:06:49.604,Digital Media Centre,DMC02,ground,{'ahu_out': 39.458},Coworking Space
718,2023-01-29 18:21:49.685,Digital Media Centre,DMC02,ground,{'ahu_out': 31.134},Coworking Space
719,2023-01-29 18:36:50.818,Digital Media Centre,DMC02,ground,{'ahu_out': 28.675},Coworking Space
720,2023-01-29 18:51:47.223,Digital Media Centre,DMC02,ground,{'ahu_out': 36.004},Coworking Space
721,2023-01-29 19:06:50.346,Digital Media Centre,DMC02,ground,{'ahu_out': 31.88},Coworking Space
722,2023-01-29 19:21:46.784,Digital Media Centre,DMC02,ground,{'ahu_out': 36.467},Coworking Space
723,2023-01-29 19:36:48.773,Digital Media Centre,DMC02,ground,{'ahu_out': 26.111},Coworking Space
724,2023-01-29 19:51:48.986,Digital Media Centre,DMC02,ground,{'ahu_out': 33.957},Coworking Space
725,2023-01-29 20:06:50.057,Digital Media Centre,DMC02,ground,{'ahu_out': 41.21},Coworking Space
726,2023-01-29 20:21:48.261,Digital Media Centre,DMC02,ground,{'ahu_out': 38.212},Coworking Space
727,2023-01-29 20:36:47.854,Digital Media Centre,DMC02,ground,{'ahu_out': 37.815},Coworking Space
728,2023-01-29 20:51:49.362,Digital Media Centre,DMC02,ground,{'ahu_out': 37.286},Coworking Space
729,2023-01-29 21:06:48.910,Digital Media Centre,DMC02,ground,{'ahu_out': 39.174},Coworking Space
730,2023-01-29 21:21:49.389,Digital Media Centre,DMC02,ground,{'ahu_out': 26.513},Coworking Space
731,2023-01-29 21:36:48.118,Digital Media Centre,DMC02,ground,{'ahu_out': 35.313},Coworking Space
732,2023-01-29 21:51:47.615,Digital Media Centre,DMC02,ground,{'ahu_out': 24.771},Coworking Space
733,2023-01-29 22:06:49.519,Digital Media Centre,DMC02,ground,{'ahu_out': 34.894},Coworking Space
734,2023-01-29 22:21:50.259,Digital Media Centre,DMC02,ground,{'ahu_out': 33.801},Coworking Space
735,2023-01-29 22:36:48.830,Digital Media Centre,DMC02,ground,{'ahu_out': 34.95},Coworking Space
736,2023-01-29 22:51:49.519,Digital Media Centre,DMC02,ground,{'ahu_out': 26.077},Coworking Space
737,2023-01-29 23:06:51.548,Digital Media Centre,DMC02,ground,{'ahu_out': 33.478},Coworking Space
738,2023-01-29 23:21:47.547,Digital Media Centre,DMC02,ground,{'ahu_out': 41.586},Coworking Space
739,2023-01-29 23:36:47.325,Digital Media Centre,DMC02,ground,{'ahu_out': 41.958},Coworking Space
740,2023-01-29 23:51:49.035,Digital Media Centre,DMC02,ground,{'ahu_out': 36.27},Coworking Space
741,2023-01-30 00:06:49.726,Digital Media Centre,DMC02,ground,{'ahu_out': 40.562},Coworking Space
742,2023-01-30 00:21:47.678,Digital Media Centre,DMC02,ground,{'ahu_out': 38.395},Coworking Space
743,2023-01-30 00:36:47.344,Digital Media Centre,DMC02,ground,{'ahu_out': 30.952},Coworking Space
744,2023-01-30 00:51:48.709,Digital Media Centre,DMC02,ground,{'ahu_out': 42.689},Coworking Space
745,2023-01-30 01:06:49.035,Digital Media Centre,DMC02,ground,{'ahu_out': 26.064},Coworking Space
746,2023-01-30 01:21:44.893,Digital Media Centre,DMC02,ground,{'ahu_out': 36.889},Coworking Space
747,2023-01-30 01:36:47.313,Digital Media Centre,DMC02,ground,{'ahu_out': 40.092},Coworking Space
748,2023-01-30 01:51:48.494,Digital Media Centre,DMC02,ground,{'ahu_out': 34.255},Coworking Space
749,2023-01-30 02:06:49.220,Digital Media Centre,DMC02,ground,{'ahu_out': 27.774},Coworking Space
750,2023-01-30 02:21:48.488,Digital Media Centre,DMC02,ground,{'ahu_out': 36.073},Coworking Space
751,2023-01-30 02:36:48.356,Digital Media Centre,DMC02,ground,{'ahu_out': 39.742},Coworking Space
752,2023-01-30 02:51:48.571,Digital Media Centre,DMC02,ground,{'ahu_out': 33.666},Coworking Space
753,2023-01-30 03:06:49.198,Digital Media Centre,DMC02,ground,{'ahu_out': 26.153},Coworking Space
754,2023-01-30 03:21:49.715,Digital Media Centre,DMC02,ground,{'ahu_out': 39.521},Coworking Space
755,2023-01-30 03:36:48.500,Digital Media Centre,DMC02,ground,{'ahu_out': 28.691},Coworking Space
756,2023-01-30 03:51:48.200,Digital Media Centre,DMC02,ground,{'ahu_out': 34.968},Coworking Space
757,2023-01-30 04:06:48.089,Digital Media Centre,DMC02,ground,{'ahu_out': 30.302},Coworking Space
758,2023-01-30 04:21:47.371,Digital Media Centre,DMC02,ground,{'ahu_out': 36.078},Coworking Space
759,2023-01-30 04:36:48.103,Digital Media Centre,DMC02,ground,{'ahu_out': 36.953},Coworking Space
760,2023-01-30 04:51:47.550,Digital Media Centre,DMC02,ground,{'ahu_out': 26.524},Coworking Space
761,2023-01-30 05:06:47.539,Digital Media Centre,DMC02,ground,{'ahu_out': 36.492},Coworking Space
762,2023-01-30 05:21:47.452,Digital Media Centre,DMC02,ground,{'ahu_out': 29.037},Coworking Space
763,2023-01-30 05:36:48.706,Digital Media Centre,DMC02,ground,{'ahu_out': 28.8},Coworking Space
764,2023-01-30 05:51:51.147,Digital Media Centre,DMC02,ground,{'ahu_out': 34.547},Coworking Space
765,2023-01-30 06:06:49.365,Digital Media Centre,DMC02,ground,{'ahu_out': 37.74},Coworking Space
766,2023-01-30 06:21:47.275,Digital Media Centre,DMC02,ground,{'ahu_out': 29.043},Coworking Space
767,2023-01-30 06:36:49.926,Digital Media Centre,DMC02,ground,{'ahu_out': 33.927},Coworking Space
768,2023-01-30 06:51:51.718,Digital Media Centre,DMC02,ground,{'ahu_out': 28.48},Coworking Space
769,2023-01-30 07:06:53.123,Digital Media Centre,DMC02,ground,{'ahu_out': 29.326},Coworking Space
770,2023-01-30 07:27:30.492,Digital Media Centre,DMC02,ground,{'ahu_out': 34.19},Coworking Space
771,2023-01-30 07:36:48.367,Digital Media Centre,DMC02,ground,{'ahu_out': 36.826},Coworking Space
772,2023-01-30 07:51:47.557,Digital Media Centre,DMC02,ground,{'ahu_out': 34.489},Coworking Space
773,2023-01-30 08:06:50.308,Digital Media Centre,DMC02,ground,{'ahu_out': 34.687},Coworking Space
774,2023-01-30 08:21:49.336,Digital Media Centre,DMC02,ground,{'ahu_out': 34.813},Coworking Space
775,2023-01-30 08:36:49.982,Digital Media Centre,DMC02,ground,{'ahu_out': 33.924},Coworking Space
776,2023-01-30 08:51:49.642,Digital Media Centre,DMC02,ground,{'ahu_out': 30.949},Coworking Space
777,2023-01-30 09:06:47.717,Digital Media Centre,DMC02,ground,{'ahu_out': 42.148},Coworking Space
778,2023-01-30 09:21:51.540,Digital Media Centre,DMC02,ground,{'ahu_out': 31.069},Coworking Space
779,2023-01-30 09:36:48.901,Digital Media Centre,DMC02,ground,{'ahu_out': 31.069},Coworking Space
780,2023-01-30 09:51:51.059,Digital Media Centre,DMC02,ground,{'ahu_out': 37.977},Coworking Space
781,2023-01-30 10:06:47.891,Digital Media Centre,DMC02,ground,{'ahu_out': 34.478},Coworking Space
782,2023-01-30 10:21:47.387,Digital Media Centre,DMC02,ground,{'ahu_out': 28.388},Coworking Space
783,2023-01-30 10:36:47.739,Digital Media Centre,DMC02,ground,{'ahu_out': 30.836},Coworking Space
784,2023-01-30 10:51:49.312,Digital Media Centre,DMC02,ground,{'ahu_out': 42.423},Coworking Space
785,2023-01-30 11:06:49.837,Digital Media Centre,DMC02,ground,{'ahu_out': 42.707},Coworking Space
786,2023-01-30 11:21:49.868,Digital Media Centre,DMC02,ground,{'ahu_out': 28.515},Coworking Space
787,2023-01-30 11:36:50.954,Digital Media Centre,DMC02,ground,{'ahu_out': 31.384},Coworking Space
788,2023-01-30 11:51:51.222,Digital Media Centre,DMC02,ground,{'ahu_out': 27.264},Coworking Space
789,2023-01-30 12:06:51.381,Digital Media Centre,DMC02,ground,{'ahu_out': 36.443},Coworking Space
790,2023-01-30 12:21:53.044,Digital Media Centre,DMC02,ground,{'ahu_out': 37.591},Coworking Space
791,2023-01-30 12:36:50.726,Digital Media Centre,DMC02,ground,{'ahu_out': 32.262},Coworking Space
792,2023-01-30 12:51:49.180,Digital Media Centre,DMC02,ground,{'ahu_out': 24.645},Coworking Space
793,2023-01-30 13:06:49.307,Digital Media Centre,DMC02,ground,{'ahu_out': 36.906},Coworking Space
794,2023-01-30 13:21:51.183,Digital Media Centre,DMC02,ground,{'ahu_out': 35.613},Coworking Space
795,2023-01-30 13:36:52.249,Digital Media Centre,DMC02,ground,{'ahu_out': 31.316},Coworking Space
796,2023-01-30 13:51:52.933,Digital Media Centre,DMC02,ground,{'ahu_out': 32.603},Coworking Space
797,2023-01-30 14:06:52.345,Digital Media Centre,DMC02,ground,{'ahu_out': 31.515},Coworking Space
798,2023-01-30 14:21:51.414,Digital Media Centre,DMC02,ground,{'ahu_out': 40.756},Coworking Space
799,2023-01-30 14:36:52.053,Digital Media Centre,DMC02,ground,{'ahu_out': 25.67},Coworking Space
800,2023-01-30 14:51:50.166,Digital Media Centre,DMC02,ground,{'ahu_out': 24.666},Coworking Space
801,2023-01-30 15:08:59.176,Digital Media Centre,DMC02,ground,{'ahu_out': 35.287},Coworking Space
802,2023-01-30 15:21:49.813,Digital Media Centre,DMC02,ground,{'ahu_out': 26.597},Coworking Space
803,2023-01-30 15:36:53.004,Digital Media Centre,DMC02,ground,{'ahu_out': 39.41},Coworking Space
804,2023-01-30 15:51:52.295,Digital Media Centre,DMC02,ground,{'ahu_out': 35.45},Coworking Space
805,2023-01-30 16:06:51.738,Digital Media Centre,DMC02,ground,{'ahu_out': 30.237},Coworking Space
806,2023-01-30 16:21:49.993,Digital Media Centre,DMC02,ground,{'ahu_out': 35.18},Coworking Space
807,2023-01-30 16:36:50.629,Digital Media Centre,DMC02,ground,{'ahu_out': 36.592},Coworking Space
808,2023-01-30 16:51:50.683,Digital Media Centre,DMC02,ground,{'ahu_out': 32.266},Coworking Space
809,2023-01-30 17:06:53.148,Digital Media Centre,DMC02,ground,{'ahu_out': 36.194},Coworking Space
810,2023-01-30 17:22:01.085,Digital Media Centre,DMC02,ground,{'ahu_out': 28.593},Coworking Space
811,2023-01-30 17:36:52.348,Digital Media Centre,DMC02,ground,{'ahu_out': 41.013},Coworking Space
812,2023-01-30 17:51:53.713,Digital Media Centre,DMC02,ground,{'ahu_out': 32.259},Coworking Space
813,2023-01-30 18:06:54.983,Digital Media Centre,DMC02,ground,{'ahu_out': 25.788},Coworking Space
814,2023-01-30 18:21:54.286,Digital Media Centre,DMC02,ground,{'ahu_out': 38.011},Coworking Space
815,2023-01-30 18:36:52.741,Digital Media Centre,DMC02,ground,{'ahu_out': 36.313},Coworking Space
816,2023-01-30 18:51:53.912,Digital Media Centre,DMC02,ground,{'ahu_out': 29.244},Coworking Space
817,2023-01-30 19:06:53.529,Digital Media Centre,DMC02,ground,{'ahu_out': 26.797},Coworking Space
818,2023-01-30 19:21:51.977,Digital Media Centre,DMC02,ground,{'ahu_out': 39.331},Coworking Space
819,2023-01-30 19:36:53.213,Digital Media Centre,DMC02,ground,{'ahu_out': 25.497},Coworking Space
820,2023-01-30 19:51:53.793,Digital Media Centre,DMC02,ground,{'ahu_out': 38.59},Coworking Space
821,2023-01-30 20:06:54.745,Digital Media Centre,DMC02,ground,{'ahu_out': 38.851},Coworking Space
822,2023-01-30 20:21:56.734,Digital Media Centre,DMC02,ground,{'ahu_out': 32.16},Coworking Space
823,2023-01-30 20:36:53.843,Digital Media Centre,DMC02,ground,{'ahu_out': 37.792},Coworking Space
824,2023-01-30 20:51:54.283,Digital Media Centre,DMC02,ground,{'ahu_out': 29.299},Coworking Space
825,2023-01-30 21:06:54.029,Digital Media Centre,DMC02,ground,{'ahu_out': 27.148},Coworking Space
826,2023-01-30 21:21:53.256,Digital Media Centre,DMC02,ground,{'ahu_out': 37.484},Coworking Space
827,2023-01-30 21:36:54.394,Digital Media Centre,DMC02,ground,{'ahu_out': 28.892},Coworking Space
828,2023-01-30 21:51:51.500,Digital Media Centre,DMC02,ground,{'ahu_out': 40.059},Coworking Space
829,2023-01-30 22:06:52.933,Digital Media Centre,DMC02,ground,{'ahu_out': 40.806},Coworking Space
830,2023-01-30 22:21:53.759,Digital Media Centre,DMC02,ground,{'ahu_out': 28.536},Coworking Space
831,2023-01-30 22:36:54.064,Digital Media Centre,DMC02,ground,{'ahu_out': 38.317},Coworking Space
832,2023-01-30 22:51:53.093,Digital Media Centre,DMC02,ground,{'ahu_out': 30.884},Coworking Space
833,2023-01-30 23:06:52.712,Digital Media Centre,DMC02,ground,{'ahu_out': 41.075},Coworking Space
834,2023-01-30 23:21:54.886,Digital Media Centre,DMC02,ground,{'ahu_out': 31.862},Coworking Space
835,2023-01-30 23:36:53.715,Digital Media Centre,DMC02,ground,{'ahu_out': 34.561},Coworking Space
836,2023-01-30 23:51:52.815,Digital Media Centre,DMC02,ground,{'ahu_out': 25.278},Coworking Space
837,2023-01-31 00:06:52.558,Digital Media Centre,DMC02,ground,{'ahu_out': 35.659},Coworking Space
838,2023-01-31 00:21:48.932,Digital Media Centre,DMC02,ground,{'ahu_out': 39.118},Coworking Space
839,2023-01-31 00:36:51.171,Digital Media Centre,DMC02,ground,{'ahu_out': 36.136},Coworking Space
840,2023-01-31 00:51:47.304,Digital Media Centre,DMC02,ground,{'ahu_out': 30.747},Coworking Space
841,2023-01-31 01:06:53.028,Digital Media Centre,DMC02,ground,{'ahu_out': 26.488},Coworking Space
842,2023-01-31 01:21:52.781,Digital Media Centre,DMC02,ground,{'ahu_out': 28.534},Coworking Space
843,2023-01-31 01:36:54.434,Digital Media Centre,DMC02,ground,{'ahu_out': 33.309},Coworking Space
844,2023-01-31 01:51:54.008,Digital Media Centre,DMC02,ground,{'ahu_out': 38.217},Coworking Space
845,2023-01-31 02:06:53.738,Digital Media Centre,DMC02,ground,{'ahu_out': 31.707},Coworking Space
846,2023-01-31 02:21:55.411,Digital Media Centre,DMC02,ground,{'ahu_out': 32.16},Coworking Space
847,2023-01-31 02:36:52.256,Digital Media Centre,DMC02,ground,{'ahu_out': 33.5},Coworking Space
848,2023-01-31 02:51:54.964,Digital Media Centre,DMC02,ground,{'ahu_out': 33.759},Coworking Space
849,2023-01-31 03:06:54.123,Digital Media Centre,DMC02,ground,{'ahu_out': 27.93},Coworking Space
850,2023-01-31 03:21:54.279,Digital Media Centre,DMC02,ground,{'ahu_out': 36.439},Coworking Space
851,2023-01-31 03:36:50.785,Digital Media Centre,DMC02,ground,{'ahu_out': 25.698},Coworking Space
852,2023-01-31 03:51:56.943,Digital Media Centre,DMC02,ground,{'ahu_out': 29.761},Coworking Space
853,2023-01-31 04:06:52.619,Digital Media Centre,DMC02,ground,{'ahu_out': 39.308},Coworking Space
854,2023-01-31 04:21:54.265,Digital Media Centre,DMC02,ground,{'ahu_out': 31.34},Coworking Space
855,2023-01-31 04:36:52.034,Digital Media Centre,DMC02,ground,{'ahu_out': 40.038},Coworking Space
856,2023-01-31 04:51:53.084,Digital Media Centre,DMC02,ground,{'ahu_out': 26.652},Coworking Space
857,2023-01-31 05:06:54.076,Digital Media Centre,DMC02,ground,{'ahu_out': 25.072},Coworking Space
858,2023-01-31 05:21:53.615,Digital Media Centre,DMC02,ground,{'ahu_out': 36.429},Coworking Space
859,2023-01-31 05:36:55.049,Digital Media Centre,DMC02,ground,{'ahu_out': 35.036},Coworking Space
860,2023-01-31 05:51:56.042,Digital Media Centre,DMC02,ground,{'ahu_out': 35.963},Coworking Space
861,2023-01-31 06:06:53.040,Digital Media Centre,DMC02,ground,{'ahu_out': 40.573},Coworking Space
862,2023-01-31 06:21:52.651,Digital Media Centre,DMC02,ground,{'ahu_out': 26.118},Coworking Space
863,2023-01-31 06:36:53.655,Digital Media Centre,DMC02,ground,{'ahu_out': 37.858},Coworking Space
864,2023-01-31 06:51:53.411,Digital Media Centre,DMC02,ground,{'ahu_out': 40.338},Coworking Space
865,2023-01-31 07:06:53.093,Digital Media Centre,DMC02,ground,{'ahu_out': 32.349},Coworking Space
866,2023-01-31 07:21:55.175,Digital Media Centre,DMC02,ground,{'ahu_out': 35.816},Coworking Space
867,2023-01-31 07:36:54.964,Digital Media Centre,DMC02,ground,{'ahu_out': 35.875},Coworking Space
868,2023-01-31 07:51:52.636,Digital Media Centre,DMC02,ground,{'ahu_out': 37.228},Coworking Space
869,2023-01-31 08:06:56.026,Digital Media Centre,DMC02,ground,{'ahu_out': 27.967},Coworking Space
870,2023-01-31 08:21:53.640,Digital Media Centre,DMC02,ground,{'ahu_out': 27.575},Coworking Space
871,2023-01-31 08:36:54.407,Digital Media Centre,DMC02,ground,{'ahu_out': 28.53},Coworking Space
872,2023-01-31 08:51:55.370,Digital Media Centre,DMC02,ground,{'ahu_out': 33.884},Coworking Space
873,2023-01-31 09:06:55.485,Digital Media Centre,DMC02,ground,{'ahu_out': 27.071},Coworking Space
874,2023-01-31 09:21:53.345,Digital Media Centre,DMC02,ground,{'ahu_out': 33.974},Coworking Space
875,2023-01-31 09:36:53.425,Digital Media Centre,DMC02,ground,{'ahu_out': 40.148},Coworking Space
876,2023-01-31 09:51:56.835,Digital Media Centre,DMC02,ground,{'ahu_out': 35.479},Coworking Space
877,2023-01-31 10:06:53.724,Digital Media Centre,DMC02,ground,{'ahu_out': 33.614},Coworking Space
878,2023-01-31 10:21:52.903,Digital Media Centre,DMC02,ground,{'ahu_out': 31.06},Coworking Space
879,2023-01-31 10:36:55.531,Digital Media Centre,DMC02,ground,{'ahu_out': 38.188},Coworking Space
880,2023-01-31 10:51:53.579,Digital Media Centre,DMC02,ground,{'ahu_out': 24.958},Coworking Space
881,2023-01-31 11:06:53.183,Digital Media Centre,DMC02,ground,{'ahu_out': 42.123},Coworking Space
882,2023-01-31 11:21:54.336,Digital Media Centre,DMC02,ground,{'ahu_out': 26.188},Coworking Space
883,2023-01-31 11:36:52.815,Digital Media Centre,DMC02,ground,{'ahu_out': 41.231},Coworking Space
884,2023-01-31 11:51:53.195,Digital Media Centre,DMC02,ground,{'ahu_out': 28.73},Coworking Space
885,2023-01-31 12:06:54.792,Digital Media Centre,DMC02,ground,{'ahu_out': 39.518},Coworking Space
886,2023-01-31 12:21:53.102,Digital Media Centre,DMC02,ground,{'ahu_out': 29.497},Coworking Space
887,2023-01-31 12:36:55.098,Digital Media Centre,DMC02,ground,{'ahu_out': 28.314},Coworking Space
888,2023-01-31 12:51:51.948,Digital Media Centre,DMC02,ground,{'ahu_out': 39.464},Coworking Space
889,2023-01-31 13:06:53.686,Digital Media Centre,DMC02,ground,{'ahu_out': 37.405},Coworking Space
890,2023-01-31 13:21:52.623,Digital Media Centre,DMC02,ground,{'ahu_out': 33.97},Coworking Space
891,2023-01-31 13:36:53.977,Digital Media Centre,DMC02,ground,{'ahu_out': 32.167},Coworking Space
892,2023-01-31 13:51:53.697,Digital Media Centre,DMC02,ground,{'ahu_out': 42.149},Coworking Space
893,2023-01-31 14:06:55.020,Digital Media Centre,DMC02,ground,{'ahu_out': 40.805},Coworking Space
894,2023-01-31 14:21:55.179,Digital Media Centre,DMC02,ground,{'ahu_out': 32.759},Coworking Space
895,2023-01-31 14:36:55.275,Digital Media Centre,DMC02,ground,{'ahu_out': 33.604},Coworking Space
896,2023-01-31 14:51:52.733,Digital Media Centre,DMC02,ground,{'ahu_out': 29.577},Coworking Space
897,2023-01-31 15:10:40.504,Digital Media Centre,DMC02,ground,{'ahu_out': 26.108},Coworking Space
898,2023-01-31 15:21:49.605,Digital Media Centre,DMC02,ground,{'ahu_out': 31.175},Coworking Space
899,2023-01-31 15:36:53.734,Digital Media Centre,DMC02,ground,{'ahu_out': 25.199},Coworking Space
900,2023-01-31 15:51:53.781,Digital Media Centre,DMC02,ground,{'ahu_out': 39.092},Coworking Space
901,2023-01-31 16:06:54.196,Digital Media Centre,DMC02,ground,{'ahu_out': 30.864},Coworking Space
902,2023-01-31 16:21:53.296,Digital Media Centre,DMC02,ground,{'ahu_out': 35.23},Coworking Space
903,2023-01-31 16:36:54.876,Digital Media Centre,DMC02,ground,{'ahu_out': 38.854},Coworking Space
904,2023-01-31 16:51:52.424,Digital Media Centre,DMC02,ground,{'ahu_out': 39.794},Coworking Space
905,2023-01-31 17:06:59.656,Digital Media Centre,DMC02,ground,{'ahu_out': 30.406},Coworking Space
906,2023-01-31 17:22:07.018,Digital Media Centre,DMC02,ground,{'ahu_out': 37.528},Coworking Space
907,2023-01-31 17:36:56.469,Digital Media Centre,DMC02,ground,{'ahu_out': 33.812},Coworking Space
908,2023-01-31 17:51:56.488,Digital Media Centre,DMC02,ground,{'ahu_out': 39.761},Coworking Space
909,2023-01-31 18:06:55.431,Digital Media Centre,DMC02,ground,{'ahu_out': 37.297},Coworking Space
910,2023-01-31 18:21:57.677,Digital Media Centre,DMC02,ground,{'ahu_out': 28.821},Coworking Space
911,2023-01-31 18:36:55.278,Digital Media Centre,DMC02,ground,{'ahu_out': 41.549},Coworking Space
912,2023-01-31 18:51:59.382,Digital Media Centre,DMC02,ground,{'ahu_out': 41.248},Coworking Space
913,2023-01-31 19:06:57.003,Digital Media Centre,DMC02,ground,{'ahu_out': 33.585},Coworking Space
914,2023-01-31 19:21:58.561,Digital Media Centre,DMC02,ground,{'ahu_out': 40.059},Coworking Space
915,2023-01-31 19:36:58.079,Digital Media Centre,DMC02,ground,{'ahu_out': 31.293},Coworking Space
916,2023-01-31 19:51:57.185,Digital Media Centre,DMC02,ground,{'ahu_out': 28.784},Coworking Space
917,2023-01-31 20:06:55.656,Digital Media Centre,DMC02,ground,{'ahu_out': 28.369},Coworking Space
918,2023-01-31 20:21:57.644,Digital Media Centre,DMC02,ground,{'ahu_out': 40.04},Coworking Space
919,2023-01-31 20:36:56.477,Digital Media Centre,DMC02,ground,{'ahu_out': 25.482},Coworking Space
920,2023-01-31 20:51:57.240,Digital Media Centre,DMC02,ground,{'ahu_out': 37.472},Coworking Space
921,2023-01-31 21:06:56.449,Digital Media Centre,DMC02,ground,{'ahu_out': 27.945},Coworking Space
922,2023-01-31 21:21:59.307,Digital Media Centre,DMC02,ground,{'ahu_out': 27.611},Coworking Space
923,2023-01-31 21:36:59.379,Digital Media Centre,DMC02,ground,{'ahu_out': 25.642},Coworking Space
924,2023-01-31 21:51:58.717,Digital Media Centre,DMC02,ground,{'ahu_out': 33.757},Coworking Space
925,2023-01-31 22:06:55.639,Digital Media Centre,DMC02,ground,{'ahu_out': 27.481},Coworking Space
926,2023-01-31 22:21:58.141,Digital Media Centre,DMC02,ground,{'ahu_out': 32.031},Coworking Space
927,2023-01-31 22:36:56.497,Digital Media Centre,DMC02,ground,{'ahu_out': 37.231},Coworking Space
928,2023-01-31 22:51:56.692,Digital Media Centre,DMC02,ground,{'ahu_out': 40.208},Coworking Space
929,2023-01-31 23:06:56.216,Digital Media Centre,DMC02,ground,{'ahu_out': 39.794},Coworking Space
930,2023-01-31 23:21:56.059,Digital Media Centre,DMC02,ground,{'ahu_out': 28.793},Coworking Space
931,2023-01-31 23:36:55.837,Digital Media Centre,DMC02,ground,{'ahu_out': 32.821},Coworking Space
932,2023-01-31 23:51:55.631,Digital Media Centre,DMC02,ground,{'ahu_out': 36.567},Coworking Space
933,2023-02-01 00:06:55.763,Digital Media Centre,DMC02,ground,{'ahu_out': 33.443},Coworking Space
934,2023-02-01 00:21:57.057,Digital Media Centre,DMC02,ground,{'ahu_out': 35.92},Coworking Space
935,2023-02-01 00:36:54.009,Digital Media Centre,DMC02,ground,{'ahu_out': 31.383},Coworking Space
936,2023-02-01 00:51:55.671,Digital Media Centre,DMC02,ground,{'ahu_out': 42.711},Coworking Space
937,2023-02-01 01:06:53.108,Digital Media Centre,DMC02,ground,{'ahu_out': 39.748},Coworking Space
938,2023-02-01 01:21:54.272,Digital Media Centre,DMC02,ground,{'ahu_out': 34.458},Coworking Space
939,2023-02-01 01:36:53.597,Digital Media Centre,DMC02,ground,{'ahu_out': 37.454},Coworking Space
940,2023-02-01 01:51:53.842,Digital Media Centre,DMC02,ground,{'ahu_out': 26.255},Coworking Space
941,2023-02-01 02:06:54.305,Digital Media Centre,DMC02,ground,{'ahu_out': 37.982},Coworking Space
942,2023-02-01 02:21:56.928,Digital Media Centre,DMC02,ground,{'ahu_out': 40.449},Coworking Space
943,2023-02-01 02:36:52.030,Digital Media Centre,DMC02,ground,{'ahu_out': 32.856},Coworking Space
944,2023-02-01 02:51:54.254,Digital Media Centre,DMC02,ground,{'ahu_out': 26.436},Coworking Space
945,2023-02-01 03:07:00.723,Digital Media Centre,DMC02,ground,{'ahu_out': 36.942},Coworking Space
946,2023-02-01 03:21:55.276,Digital Media Centre,DMC02,ground,{'ahu_out': 29.245},Coworking Space
947,2023-02-01 03:36:55.895,Digital Media Centre,DMC02,ground,{'ahu_out': 41.232},Coworking Space
948,2023-02-01 03:51:53.220,Digital Media Centre,DMC02,ground,{'ahu_out': 26.937},Coworking Space
949,2023-02-01 04:06:55.556,Digital Media Centre,DMC02,ground,{'ahu_out': 39.239},Coworking Space
950,2023-02-01 04:21:54.247,Digital Media Centre,DMC02,ground,{'ahu_out': 35.86},Coworking Space
951,2023-02-01 04:36:54.356,Digital Media Centre,DMC02,ground,{'ahu_out': 40.98},Coworking Space
952,2023-02-01 04:51:55.781,Digital Media Centre,DMC02,ground,{'ahu_out': 31.75},Coworking Space
953,2023-02-01 05:06:53.581,Digital Media Centre,DMC02,ground,{'ahu_out': 38.01},Coworking Space
954,2023-02-01 05:21:53.570,Digital Media Centre,DMC02,ground,{'ahu_out': 37.637},Coworking Space
955,2023-02-01 05:36:53.287,Digital Media Centre,DMC02,ground,{'ahu_out': 26.667},Coworking Space
956,2023-02-01 05:51:53.105,Digital Media Centre,DMC02,ground,{'ahu_out': 27.656},Coworking Space
957,2023-02-01 06:06:56.411,Digital Media Centre,DMC02,ground,{'ahu_out': 28.465},Coworking Space
958,2023-02-01 06:21:53.849,Digital Media Centre,DMC02,ground,{'ahu_out': 25.508},Coworking Space
959,2023-02-01 06:36:52.068,Digital Media Centre,DMC02,ground,{'ahu_out': 35.094},Coworking Space
960,2023-02-01 06:52:01.416,Digital Media Centre,DMC02,ground,{'ahu_out': 39.89},Coworking Space
961,2023-02-01 07:06:55.140,Digital Media Centre,DMC02,ground,{'ahu_out': 32.203},Coworking Space
962,2023-02-01 07:21:54.481,Digital Media Centre,DMC02,ground,{'ahu_out': 33.666},Coworking Space
963,2023-02-01 07:36:52.602,Digital Media Centre,DMC02,ground,{'ahu_out': 34.062},Coworking Space
964,2023-02-01 07:51:53.333,Digital Media Centre,DMC02,ground,{'ahu_out': 27.245},Coworking Space
965,2023-02-01 08:06:54.618,Digital Media Centre,DMC02,ground,{'ahu_out': 37.603},Coworking Space
966,2023-02-01 08:21:53.719,Digital Media Centre,DMC02,ground,{'ahu_out': 42.015},Coworking Space
967,2023-02-01 08:36:53.935,Digital Media Centre,DMC02,ground,{'ahu_out': 39.08},Coworking Space
968,2023-02-01 08:51:54.694,Digital Media Centre,DMC02,ground,{'ahu_out': 33.872},Coworking Space
969,2023-02-01 09:06:54.315,Digital Media Centre,DMC02,ground,{'ahu_out': 41.036},Coworking Space
970,2023-02-01 09:21:55.871,Digital Media Centre,DMC02,ground,{'ahu_out': 28.648},Coworking Space
971,2023-02-01 09:36:55.310,Digital Media Centre,DMC02,ground,{'ahu_out': 32.179},Coworking Space
972,2023-02-01 09:51:54.984,Digital Media Centre,DMC02,ground,{'ahu_out': 32.191},Coworking Space
973,2023-02-01 10:06:55.962,Digital Media Centre,DMC02,ground,{'ahu_out': 32.844},Coworking Space
974,2023-02-01 10:21:54.067,Digital Media Centre,DMC02,ground,{'ahu_out': 27.911},Coworking Space
975,2023-02-01 10:36:54.429,Digital Media Centre,DMC02,ground,{'ahu_out': 31.754},Coworking Space
976,2023-02-01 10:54:35.438,Digital Media Centre,DMC02,ground,{'ahu_out': 32.625},Coworking Space
977,2023-02-01 11:06:55.681,Digital Media Centre,DMC02,ground,{'ahu_out': 32.904},Coworking Space
978,2023-02-01 11:21:58.144,Digital Media Centre,DMC02,ground,{'ahu_out': 29.105},Coworking Space
979,2023-02-01 11:36:54.801,Digital Media Centre,DMC02,ground,{'ahu_out': 38.061},Coworking Space
980,2023-02-01 11:51:56.132,Digital Media Centre,DMC02,ground,{'ahu_out': 40.09},Coworking Space
981,2023-02-01 12:06:55.407,Digital Media Centre,DMC02,ground,{'ahu_out': 34.977},Coworking Space
982,2023-02-01 12:21:55.686,Digital Media Centre,DMC02,ground,{'ahu_out': 25.279},Coworking Space
983,2023-02-01 12:36:56.822,Digital Media Centre,DMC02,ground,{'ahu_out': 34.254},Coworking Space
984,2023-02-01 12:51:56.218,Digital Media Centre,DMC02,ground,{'ahu_out': 26.845},Coworking Space
985,2023-02-01 13:06:54.676,Digital Media Centre,DMC02,ground,{'ahu_out': 35.031},Coworking Space
986,2023-02-01 13:21:56.906,Digital Media Centre,DMC02,ground,{'ahu_out': 41.084},Coworking Space
987,2023-02-01 13:36:55.135,Digital Media Centre,DMC02,ground,{'ahu_out': 40.891},Coworking Space
988,2023-02-01 13:51:53.692,Digital Media Centre,DMC02,ground,{'ahu_out': 34.044},Coworking Space
989,2023-02-01 14:06:55.705,Digital Media Centre,DMC02,ground,{'ahu_out': 32.437},Coworking Space
990,2023-02-01 14:21:53.157,Digital Media Centre,DMC02,ground,{'ahu_out': 40.004},Coworking Space
991,2023-02-01 14:36:56.537,Digital Media Centre,DMC02,ground,{'ahu_out': 27.763},Coworking Space
992,2023-02-01 14:51:55.155,Digital Media Centre,DMC02,ground,{'ahu_out': 39.652},Coworking Space
993,2023-02-01 15:06:55.508,Digital Media Centre,DMC02,ground,{'ahu_out': 34.93},Coworking Space
